date_time,maxtempC,mintempC,totalSnow_cm,sunHour,uvIndex,moon_illumination,moonrise,moonset,sunrise,sunset,DewPointC,FeelsLikeC,HeatIndexC,WindChillC,WindGustKmph,cloudcover,humidity,precipMM,pressure,tempC,visibility,winddirDegree,windspeedKmph,location
2019-12-10,13,11,0.0,3.3,3,92,04:32 PM,06:38 AM,08:51 AM,05:21 PM,9,9,12,9,50,86,80,5.6,1022,13,9,217,35,lorient
2019-12-11,11,10,0.0,5.1,3,99,05:05 PM,07:47 AM,08:52 AM,05:21 PM,5,6,10,6,65,54,69,12.9,1013,11,9,283,47,lorient
2019-12-12,13,11,0.0,3.3,3,100,05:47 PM,08:56 AM,08:53 AM,05:21 PM,9,8,12,8,74,96,82,13.8,999,13,9,265,51,lorient
2019-12-13,14,11,0.0,5.1,3,87,06:38 PM,10:01 AM,08:54 AM,05:22 PM,8,8,12,8,93,71,76,5.3,995,14,8,290,65,lorient
2019-12-14,13,12,0.0,6.9,3,79,07:40 PM,10:59 AM,08:54 AM,05:22 PM,9,10,13,10,70,48,78,5.4,1001,13,9,259,46,lorient
2019-12-15,12,11,0.0,8.7,3,72,08:50 PM,11:48 AM,08:55 AM,05:22 PM,6,8,12,8,62,49,69,4.7,1003,12,10,242,45,lorient
2019-12-16,11,10,0.0,3.2,3,65,10:05 PM,12:28 PM,08:56 AM,05:22 PM,8,8,11,8,21,100,84,20.4,1000,11,8,163,15,lorient
2019-12-17,11,9,0.0,8.7,3,58,11:22 PM,01:01 PM,08:57 AM,05:22 PM,6,8,11,8,23,53,74,8.1,1002,11,8,271,16,lorient
2019-12-18,13,11,0.0,5.1,3,50,No moonrise,01:29 PM,08:57 AM,05:23 PM,8,9,12,9,57,57,77,9.0,1007,13,10,180,39,lorient
2019-12-19,14,11,0.0,6.9,3,43,12:39 AM,01:54 PM,08:58 AM,05:23 PM,10,10,13,10,71,63,83,30.3,996,14,8,190,47,lorient
2019-12-20,12,11,0.0,8.6,3,36,01:55 AM,02:18 PM,08:59 AM,05:23 PM,7,8,11,8,55,67,77,12.9,986,12,8,242,40,lorient
2019-12-21,12,11,0.0,5.1,3,28,03:12 AM,02:42 PM,08:59 AM,05:24 PM,8,8,12,8,75,46,78,22.7,984,12,8,228,53,lorient
2019-12-22,11,11,0.0,5.0,3,21,04:27 AM,03:08 PM,09:00 AM,05:24 PM,7,7,11,7,93,61,72,3.9,996,11,10,278,65,lorient
2019-12-23,12,11,0.0,5.0,3,14,05:44 AM,03:38 PM,09:00 AM,05:25 PM,8,8,12,8,65,64,79,9.1,1016,12,9,252,45,lorient
2019-12-24,13,12,0.0,5.8,4,7,06:58 AM,04:13 PM,09:01 AM,05:25 PM,10,9,12,9,69,43,87,3.3,1019,13,9,263,44,lorient
2019-12-25,11,11,0.0,5.8,4,0,08:09 AM,04:55 PM,09:01 AM,05:26 PM,9,9,11,9,33,36,85,0.0,1024,11,10,152,23,lorient
2019-12-26,12,12,0.0,3.9,3,0,09:13 AM,05:46 PM,09:01 AM,05:27 PM,9,9,12,9,48,37,82,0.5,1023,12,10,242,32,lorient
2019-12-27,12,12,0.0,5.8,4,0,10:08 AM,06:43 PM,09:02 AM,05:27 PM,10,10,12,10,26,20,88,0.0,1031,12,10,236,17,lorient
2019-12-28,12,10,0.0,5.8,3,8,10:53 AM,07:45 PM,09:02 AM,05:28 PM,8,8,11,8,29,27,86,0.0,1034,12,10,101,20,lorient
2019-12-29,10,9,0.0,5.8,3,15,11:29 AM,08:50 PM,09:02 AM,05:29 PM,5,7,9,7,29,3,74,0.0,1033,10,10,112,22,lorient
2019-12-30,11,10,0.0,5.8,4,22,11:59 AM,09:55 PM,09:02 AM,05:30 PM,5,9,10,9,21,2,71,0.0,1031,11,10,142,16,lorient
2019-12-31,12,12,0.0,2.1,3,26,12:23 PM,10:59 PM,09:02 AM,05:31 PM,10,10,12,10,22,49,87,1.1,1029,12,8,187,15,lorient
2020-01-01,11,6,0.0,2.1,3,37,12:45 PM,No moonset,09:02 AM,05:32 PM,9,9,11,9,16,76,89,2.3,1028,11,10,242,11,lorient
2020-01-02,11,6,0.0,2.1,3,44,01:05 PM,12:02 AM,09:02 AM,05:33 PM,8,9,11,9,32,92,82,0.3,1026,11,10,222,22,lorient
2020-01-03,12,8,0.0,3.9,3,51,01:25 PM,01:05 AM,09:02 AM,05:34 PM,9,8,11,8,44,50,85,0.5,1029,12,9,263,28,lorient
2020-01-04,9,1,0.0,5.8,3,59,01:45 PM,02:08 AM,09:02 AM,05:35 PM,4,6,8,6,15,6,71,0.0,1038,9,10,67,11,lorient
2020-01-05,9,2,0.0,5.8,3,66,02:06 PM,03:13 AM,09:02 AM,05:36 PM,5,5,8,5,22,8,77,0.0,1035,9,10,119,16,lorient
2020-01-06,10,4,0.0,3.9,2,73,02:31 PM,04:18 AM,09:02 AM,05:37 PM,7,6,9,6,35,36,83,0.2,1026,10,9,190,24,lorient
2020-01-07,12,6,0.0,2.1,3,80,03:01 PM,05:27 AM,09:02 AM,05:38 PM,11,9,11,9,37,80,96,0.7,1029,12,9,239,22,lorient
2020-01-08,12,9,0.0,2.1,3,88,03:38 PM,06:35 AM,09:01 AM,05:39 PM,11,9,11,9,48,94,94,0.9,1025,12,7,226,27,lorient
2020-01-09,12,3,0.0,2.1,3,95,04:25 PM,07:43 AM,09:01 AM,05:40 PM,10,7,11,7,76,94,88,7.2,1015,12,8,227,47,lorient
2020-01-10,10,2,0.0,5.8,2,100,05:24 PM,08:45 AM,09:01 AM,05:42 PM,4,6,9,6,44,42,68,1.3,1027,10,10,304,30,lorient
2020-01-11,10,3,0.0,8.4,3,100,06:32 PM,09:40 AM,09:00 AM,05:43 PM,5,7,9,7,30,29,72,0.0,1031,10,10,215,21,lorient
2020-01-12,12,4,0.0,5.0,3,83,07:48 PM,10:25 AM,09:00 AM,05:44 PM,9,7,10,7,41,56,85,1.2,1026,12,8,243,27,lorient
2020-01-13,12,6,0.0,3.3,3,76,09:07 PM,11:02 AM,08:59 AM,05:45 PM,8,8,10,8,62,89,81,5.5,1014,12,10,221,41,lorient
2020-01-14,13,6,0.0,3.3,3,69,10:26 PM,11:33 AM,08:59 AM,05:47 PM,10,8,11,8,91,97,85,21.8,1005,13,8,214,56,lorient
2020-01-15,12,8,0.0,3.3,3,61,11:45 PM,11:59 AM,08:58 AM,05:48 PM,7,8,11,8,58,69,76,11.2,1010,12,9,242,37,lorient
2020-01-16,13,9,0.0,3.3,3,54,No moonrise,12:23 PM,08:57 AM,05:49 PM,10,9,12,9,63,71,83,5.0,1015,13,9,182,40,lorient
2020-01-17,11,5,0.0,3.4,2,47,01:02 AM,12:47 PM,08:57 AM,05:51 PM,6,7,11,7,59,70,72,12.2,1019,11,9,275,41,lorient
2020-01-18,10,7,0.0,5.1,2,40,02:17 AM,01:13 PM,08:56 AM,05:52 PM,3,6,9,6,34,72,67,0.6,1028,10,10,168,25,lorient
2020-01-19,8,7,0.0,8.7,3,32,03:33 AM,01:41 PM,08:55 AM,05:54 PM,3,3,8,3,51,5,70,0.0,1040,8,10,47,40,lorient
2020-01-20,8,5,0.0,8.7,3,25,04:46 AM,02:13 PM,08:54 AM,05:55 PM,2,2,7,2,59,2,70,0.0,1044,8,10,56,45,lorient
2020-01-21,7,0,0.0,8.7,3,18,05:57 AM,02:51 PM,08:53 AM,05:56 PM,2,1,6,1,49,4,76,0.0,1039,7,10,64,38,lorient
2020-01-22,7,2,0.0,8.7,3,11,07:02 AM,03:38 PM,08:52 AM,05:58 PM,2,1,6,1,50,9,72,0.0,1032,7,10,64,40,lorient
2020-01-23,7,1,0.0,8.7,3,3,08:00 AM,04:31 PM,08:51 AM,05:59 PM,3,1,6,1,52,35,75,0.1,1023,7,10,72,41,lorient
2020-01-24,10,3,0.0,8.2,2,0,08:48 AM,05:32 PM,08:50 AM,06:01 PM,7,5,8,5,37,63,86,1.8,1019,10,8,104,28,lorient
2020-01-25,11,3,0.0,4.8,3,0,09:27 AM,06:35 PM,08:49 AM,06:02 PM,9,7,10,7,30,63,87,1.6,1016,11,9,185,21,lorient
2020-01-26,11,5,0.0,4.8,3,4,09:59 AM,07:41 PM,08:48 AM,06:04 PM,8,8,10,8,41,82,85,8.1,1014,11,9,227,28,lorient
2020-01-27,11,1,0.0,4.8,2,11,10:26 AM,08:45 PM,08:47 AM,06:05 PM,8,6,9,6,55,91,83,18.4,1008,11,9,247,37,lorient
2020-01-28,10,2,0.0,4.8,2,18,10:49 AM,09:49 PM,08:46 AM,06:07 PM,3,4,8,4,83,78,67,3.8,1009,10,10,277,58,lorient
2020-01-29,11,5,0.0,9.6,3,26,11:09 AM,10:52 PM,08:45 AM,06:08 PM,7,7,10,7,38,65,80,1.8,1016,11,9,231,26,lorient
2020-01-30,12,9,0.0,4.8,3,33,11:29 AM,11:55 PM,08:44 AM,06:10 PM,11,9,12,9,58,96,95,6.3,1010,12,9,234,35,lorient
2020-01-31,12,6,0.0,4.9,3,37,11:48 AM,No moonset,08:42 AM,06:12 PM,11,8,11,8,46,88,95,1.0,1014,12,10,232,27,lorient
2020-02-01,12,3,0.0,4.9,3,49,12:08 PM,12:58 AM,08:41 AM,06:13 PM,11,8,11,8,57,93,94,15.6,1014,12,9,242,34,lorient
2020-02-02,13,8,0.0,4.9,3,57,12:31 PM,02:02 AM,08:40 AM,06:15 PM,11,8,12,8,70,95,94,12.8,1017,13,9,238,41,lorient
2020-02-03,12,9,0.0,4.9,3,64,12:58 PM,03:08 AM,08:38 AM,06:16 PM,10,8,11,8,49,95,93,0.8,1022,12,10,268,30,lorient
2020-02-04,10,8,0.0,9.8,2,72,01:31 PM,04:15 AM,08:37 AM,06:18 PM,5,6,9,6,46,43,71,0.3,1030,10,10,321,33,lorient
2020-02-05,9,4,0.0,9.8,2,79,02:11 PM,05:23 AM,08:36 AM,06:19 PM,4,5,8,5,29,38,75,0.0,1036,9,10,151,21,lorient
2020-02-06,9,4,0.0,9.9,3,87,03:04 PM,06:27 AM,08:34 AM,06:21 PM,3,4,8,4,47,6,71,0.0,1027,9,10,96,35,lorient
2020-02-07,12,7,0.0,5.0,3,95,04:07 PM,07:25 AM,08:33 AM,06:23 PM,8,8,10,8,38,52,84,0.5,1019,12,9,181,24,lorient
2020-02-08,10,5,0.0,9.9,2,100,05:21 PM,08:15 AM,08:31 AM,06:24 PM,7,7,10,7,32,52,77,2.5,1021,10,10,267,22,lorient
2020-02-09,12,6,0.0,5.0,3,100,06:41 PM,08:56 AM,08:30 AM,06:26 PM,9,7,11,7,85,76,84,1.9,1016,12,5,222,55,lorient
2020-02-10,11,9,0.0,5.0,3,83,08:03 PM,09:31 AM,08:28 AM,06:27 PM,6,6,11,6,90,69,74,0.6,1016,11,10,267,59,lorient
2020-02-11,10,9,0.0,5.0,2,75,09:26 PM,10:00 AM,08:27 AM,06:29 PM,4,5,10,5,61,85,68,1.9,1022,10,10,284,42,lorient
2020-02-12,9,2,0.0,8.3,2,68,10:46 PM,10:25 AM,08:25 AM,06:30 PM,3,6,9,6,29,72,65,1.0,1022,9,10,255,21,lorient
2020-02-13,11,5,0.0,5.0,3,60,No moonrise,10:50 AM,08:23 AM,06:32 PM,7,6,10,6,84,94,77,11.9,1010,11,9,255,56,lorient
2020-02-14,11,7,0.0,8.3,3,53,12:05 AM,11:16 AM,08:22 AM,06:34 PM,9,8,11,8,43,49,86,0.2,1022,11,10,236,28,lorient
2020-02-15,12,6,0.0,5.1,3,45,01:23 AM,11:43 AM,08:20 AM,06:35 PM,10,8,11,8,69,73,87,0.6,1018,12,10,208,41,lorient
2020-02-16,13,7,0.0,5.1,3,38,02:38 AM,12:14 PM,08:19 AM,06:37 PM,10,8,12,8,93,100,84,12.7,1011,13,9,230,58,lorient
2020-02-17,10,2,0.0,6.7,2,30,03:50 AM,12:51 PM,08:17 AM,06:38 PM,5,6,9,6,57,80,70,1.9,1021,10,9,264,39,lorient
2020-02-18,11,5,0.0,5.1,3,22,04:57 AM,01:35 PM,08:15 AM,06:40 PM,5,7,10,7,50,71,69,2.7,1030,11,9,268,35,lorient
2020-02-19,11,8,0.0,6.8,3,15,05:56 AM,02:25 PM,08:13 AM,06:42 PM,7,7,11,7,50,76,77,0.8,1027,11,10,259,33,lorient
2020-02-20,11,8,0.0,6.8,3,7,06:46 AM,03:23 PM,08:12 AM,06:43 PM,6,6,10,6,60,64,76,2.3,1021,11,9,260,41,lorient
2020-02-21,9,3,0.0,10.4,2,0,07:27 AM,04:25 PM,08:10 AM,06:45 PM,3,6,8,6,28,37,64,0.0,1032,9,10,257,20,lorient
2020-02-22,11,6,0.0,8.4,3,0,08:01 AM,05:30 PM,08:08 AM,06:46 PM,8,7,10,7,44,36,85,0.0,1030,11,10,245,29,lorient
2020-02-23,12,8,0.0,5.2,3,0,08:29 AM,06:34 PM,08:06 AM,06:48 PM,10,8,11,8,47,86,93,0.4,1030,12,10,246,29,lorient
2020-02-24,11,4,0.0,6.8,3,0,08:52 AM,07:39 PM,08:05 AM,06:49 PM,9,7,10,7,52,79,90,0.7,1023,11,9,238,34,lorient
2020-02-25,10,9,0.0,6.8,2,8,09:14 AM,08:42 PM,08:03 AM,06:51 PM,5,6,10,6,64,81,74,4.9,1014,10,9,286,45,lorient
2020-02-26,8,3,0.0,8.4,2,15,09:33 AM,09:45 PM,08:01 AM,06:53 PM,2,2,7,2,65,76,65,2.8,1017,8,10,296,48,lorient
2020-02-27,12,7,0.0,5.5,3,23,09:52 AM,10:48 PM,07:59 AM,06:54 PM,9,7,11,7,81,99,87,16.5,1009,12,9,249,52,lorient
2020-02-28,12,7,0.0,5.5,3,30,10:12 AM,11:51 PM,07:57 AM,06:56 PM,10,8,11,8,65,98,89,11.6,1003,12,9,240,42,lorient
2020-02-29,10,2,0.0,7.0,2,38,10:33 AM,No moonset,07:56 AM,06:57 PM,5,5,9,5,79,78,72,9.2,998,10,9,246,56,lorient
2020-03-01,10,4,0.0,5.5,2,44,10:58 AM,12:56 AM,07:54 AM,06:59 PM,4,5,9,5,69,84,73,19.3,998,10,9,259,49,lorient
2020-03-02,9,6,0.0,7.2,2,51,11:27 AM,02:01 AM,07:52 AM,07:00 PM,3,5,9,5,59,70,67,9.4,998,9,9,290,42,lorient
2020-03-03,9,-1,0.0,5.8,2,58,12:03 PM,03:07 AM,07:50 AM,07:02 PM,4,3,7,3,43,90,77,16.4,1007,9,9,195,33,lorient
2020-03-04,11,6,0.0,5.8,2,65,12:48 PM,04:10 AM,07:48 AM,07:03 PM,8,6,9,6,40,100,87,20.1,1011,11,7,220,27,lorient
2020-03-05,11,3,0.0,5.8,2,73,01:45 PM,05:10 AM,07:46 AM,07:05 PM,7,6,10,6,78,85,80,13.2,999,11,9,269,52,lorient
2020-03-06,9,5,0.0,5.8,2,80,02:53 PM,06:03 AM,07:44 AM,07:06 PM,3,4,9,4,58,74,67,3.6,1009,9,9,313,42,lorient
2020-03-07,11,8,0.0,7.3,3,87,04:09 PM,06:48 AM,07:42 AM,07:08 PM,7,7,10,7,39,71,80,0.5,1021,11,10,270,27,lorient
2020-03-08,11,10,0.0,10.2,3,95,05:31 PM,07:25 AM,07:40 AM,07:09 PM,7,7,11,7,68,72,79,4.2,1016,11,9,256,45,lorient
2020-03-09,10,2,0.0,5.9,2,100,06:55 PM,07:56 AM,07:38 AM,07:11 PM,6,6,10,6,59,89,76,2.2,1022,10,8,270,39,lorient
2020-03-10,12,9,0.0,5.9,3,100,08:18 PM,08:24 AM,07:36 AM,07:12 PM,10,8,11,8,62,94,91,0.4,1019,12,9,248,39,lorient
2020-03-11,12,12,0.0,8.8,3,84,09:41 PM,08:50 AM,07:34 AM,07:14 PM,10,9,12,9,51,65,90,0.8,1019,12,8,232,31,lorient
2020-03-12,11,6,0.0,7.3,3,76,11:02 PM,09:15 AM,07:32 AM,07:15 PM,7,7,10,7,45,74,78,0.7,1020,11,10,276,30,lorient
2020-03-13,9,4,0.0,11.6,2,69,No moonrise,09:43 AM,07:30 AM,07:17 PM,2,6,9,6,30,61,61,0.5,1025,9,10,283,21,lorient
2020-03-14,11,9,0.0,6.0,3,62,12:22 AM,10:13 AM,07:28 AM,07:18 PM,6,7,10,7,40,87,75,0.8,1020,11,10,247,28,lorient
2020-03-15,11,2,0.0,6.0,2,55,01:39 AM,10:49 AM,07:26 AM,07:20 PM,7,6,9,6,39,91,80,3.3,1013,11,10,247,27,lorient
2020-03-16,10,4,0.0,8.8,2,47,02:49 AM,11:31 AM,07:24 AM,07:21 PM,5,6,9,6,38,45,76,0.5,1020,10,8,154,28,lorient
2020-03-17,10,3,0.0,11.6,3,40,03:53 AM,12:20 PM,07:22 AM,07:23 PM,6,6,9,6,22,6,77,0.0,1029,10,10,128,16,lorient
2020-03-18,11,6,0.0,11.6,4,33,04:45 AM,01:17 PM,07:20 AM,07:24 PM,6,9,11,9,9,11,71,0.0,1027,11,10,189,6,lorient
2020-03-19,12,5,0.0,7.4,3,25,05:29 AM,02:17 PM,07:18 AM,07:26 PM,10,9,11,9,17,42,88,0.0,1021,12,10,63,11,lorient
2020-03-20,13,8,0.0,11.6,4,18,06:05 AM,03:22 PM,07:16 AM,07:27 PM,10,9,12,9,40,28,86,0.0,1019,13,10,78,24,lorient
2020-03-21,12,9,0.0,10.2,3,11,06:33 AM,04:26 PM,07:14 AM,07:28 PM,9,7,11,7,59,52,87,0.0,1016,12,10,80,41,lorient
2020-03-22,10,5,0.0,8.8,2,4,06:58 AM,05:30 PM,07:12 AM,07:30 PM,5,4,8,4,53,52,78,0.1,1017,10,10,64,39,lorient
2020-03-23,10,6,0.0,11.6,2,0,07:20 AM,06:34 PM,07:10 AM,07:31 PM,7,6,9,6,36,50,82,0.4,1019,10,10,81,25,lorient
2020-03-24,11,6,0.0,11.6,4,0,07:39 AM,07:37 PM,07:08 AM,07:33 PM,9,8,10,8,31,17,85,0.0,1021,11,10,97,21,lorient
2020-03-25,10,4,0.0,11.6,3,3,07:58 AM,08:40 PM,07:06 AM,07:34 PM,3,5,9,5,35,1,64,0.0,1020,10,10,78,25,lorient
2020-03-26,10,6,0.0,11.6,3,11,08:17 AM,09:44 PM,07:04 AM,07:36 PM,1,5,9,5,38,11,59,0.0,1018,10,10,46,28,lorient
2020-03-27,10,3,0.0,10.2,3,18,08:37 AM,10:47 PM,07:02 AM,07:37 PM,2,5,8,5,29,22,64,0.0,1020,10,10,55,21,lorient
2020-03-28,11,6,0.0,6.4,2,25,09:00 AM,11:53 PM,06:59 AM,07:39 PM,7,6,9,6,43,59,82,0.5,1021,11,10,37,30,lorient
2020-03-29,9,7,0.0,11.6,2,32,09:27 AM,No moonset,06:57 AM,07:40 PM,3,2,8,2,71,39,71,1.9,1028,9,9,51,55,lorient
2020-03-30,8,5,0.0,9.0,2,40,10:00 AM,12:58 AM,06:55 AM,07:41 PM,1,0,6,0,63,28,68,0.3,1030,8,10,43,50,lorient
2020-03-31,10,3,0.0,11.6,3,44,10:40 AM,02:01 AM,06:53 AM,07:43 PM,3,3,8,3,64,2,68,0.0,1024,10,10,66,48,lorient
2020-04-01,10,4,0.0,11.6,3,56,11:31 AM,03:01 AM,06:51 AM,07:44 PM,4,4,8,4,51,1,70,0.0,1020,10,10,64,38,lorient
2020-04-02,9,3,0.0,10.3,2,64,12:32 PM,03:55 AM,06:49 AM,07:46 PM,3,4,7,4,34,37,70,0.0,1020,9,10,119,25,lorient
2020-04-03,9,3,0.0,11.6,2,71,01:43 PM,04:41 AM,06:47 AM,07:47 PM,5,6,8,6,17,41,76,0.1,1020,9,10,253,12,lorient
2020-04-04,11,6,0.0,11.6,4,79,03:01 PM,05:20 AM,06:45 AM,07:48 PM,8,7,10,7,37,1,80,0.0,1018,11,10,112,24,lorient
2020-04-05,13,6,0.0,10.3,4,87,04:22 PM,05:53 AM,06:43 AM,07:50 PM,10,9,12,9,65,25,83,0.0,1011,13,10,160,39,lorient
2020-04-06,12,11,0.0,11.6,3,94,05:45 PM,06:21 AM,06:41 AM,07:51 PM,9,10,12,10,25,46,84,4.5,1019,12,10,272,15,lorient
2020-04-07,11,5,0.0,11.6,4,100,07:08 PM,06:47 AM,06:39 AM,07:53 PM,8,8,10,8,21,14,80,0.0,1028,11,10,114,15,lorient
2020-04-08,13,6,0.0,11.6,4,100,08:32 PM,07:13 AM,06:37 AM,07:54 PM,10,10,12,10,20,16,86,0.0,1023,13,10,116,11,lorient
2020-04-09,13,6,0.0,11.6,4,83,09:55 PM,07:40 AM,06:35 AM,07:55 PM,11,11,12,11,17,5,86,0.0,1022,13,10,106,10,lorient
2020-04-10,13,8,0.0,11.6,4,76,11:17 PM,08:08 AM,06:33 AM,07:57 PM,10,11,13,11,36,2,77,0.0,1021,13,10,114,19,lorient
2020-04-11,14,7,0.0,9.1,3,68,No moonrise,08:42 AM,06:31 AM,07:58 PM,11,11,13,11,21,34,82,5.0,1020,14,10,146,12,lorient
2020-04-12,14,12,0.0,8.0,3,61,12:33 AM,09:23 AM,06:29 AM,08:00 PM,11,13,13,13,14,56,82,0.9,1015,14,10,215,9,lorient
2020-04-13,13,8,0.0,6.9,3,53,01:43 AM,10:11 AM,06:27 AM,08:01 PM,12,10,13,10,45,83,91,6.2,1013,13,8,94,28,lorient
2020-04-14,12,6,0.0,11.6,3,46,02:41 AM,11:07 AM,06:25 AM,08:02 PM,5,6,10,6,65,5,68,0.0,1021,12,10,67,46,lorient
2020-04-15,13,6,0.0,11.6,4,38,03:30 AM,12:08 PM,06:24 AM,08:04 PM,7,7,11,7,58,10,73,0.2,1016,13,10,89,39,lorient
2020-04-16,14,7,0.0,11.6,3,30,04:08 AM,01:12 PM,06:22 AM,08:05 PM,12,11,13,11,48,53,88,1.4,1012,14,10,139,27,lorient
2020-04-17,14,7,0.0,11.6,3,23,04:39 AM,02:17 PM,06:20 AM,08:07 PM,12,10,13,10,35,49,89,14.0,1012,14,9,156,22,lorient
2020-04-18,14,13,0.0,11.6,4,15,05:04 AM,03:22 PM,06:18 AM,08:08 PM,11,12,13,12,20,17,86,0.0,1015,14,10,207,12,lorient
2020-04-19,14,13,0.0,8.1,3,8,05:26 AM,04:25 PM,06:16 AM,08:09 PM,11,12,13,12,24,60,85,1.1,1015,14,9,158,14,lorient
2020-04-20,14,12,0.0,7.0,3,0,05:46 AM,05:29 PM,06:14 AM,08:11 PM,12,12,13,12,28,93,95,11.5,1008,14,6,45,18,lorient
2020-04-21,14,6,0.0,9.3,3,0,06:04 AM,06:32 PM,06:12 AM,08:12 PM,11,10,12,10,28,63,86,0.5,1009,14,10,117,18,lorient
2020-04-22,14,8,0.0,11.6,4,0,06:23 AM,07:36 PM,06:11 AM,08:14 PM,11,11,13,11,23,23,82,0.0,1014,14,10,142,14,lorient
2020-04-23,15,9,0.0,11.6,4,0,06:43 AM,08:40 PM,06:09 AM,08:15 PM,12,13,14,13,18,12,86,0.0,1017,15,10,122,11,lorient
2020-04-24,14,13,0.0,11.6,4,7,07:05 AM,09:45 PM,06:07 AM,08:16 PM,11,13,14,13,14,21,85,0.0,1015,14,10,271,9,lorient
2020-04-25,15,12,0.0,11.6,4,15,07:30 AM,10:51 PM,06:05 AM,08:18 PM,12,13,14,13,27,20,85,0.0,1011,15,10,178,16,lorient
2020-04-26,14,7,0.0,11.6,4,22,08:01 AM,11:56 PM,06:04 AM,08:19 PM,11,12,13,12,21,17,82,0.0,1009,14,10,144,13,lorient
2020-04-27,14,12,0.0,9.3,3,30,08:38 AM,No moonset,06:02 AM,08:21 PM,12,13,14,13,18,59,86,0.0,1007,14,10,243,12,lorient
2020-04-28,13,11,0.0,11.1,3,37,09:25 AM,12:57 AM,06:00 AM,08:22 PM,10,10,13,10,49,67,79,0.8,1007,13,10,250,34,lorient
2020-04-29,14,12,0.0,9.2,3,45,10:22 AM,01:53 AM,05:59 AM,08:23 PM,9,10,13,10,62,90,77,15.6,1006,14,9,238,44,lorient
2020-04-30,13,9,0.0,9.2,3,52,11:28 AM,02:40 AM,05:57 AM,08:25 PM,7,9,13,9,71,79,69,6.4,1005,13,10,252,50,lorient
2020-05-01,13,9,0.0,9.2,3,58,12:40 PM,03:20 AM,05:56 AM,08:26 PM,10,10,12,10,47,82,82,6.5,1008,13,9,261,32,lorient
2020-05-02,13,10,0.0,9.2,3,65,01:58 PM,03:54 AM,05:54 AM,08:28 PM,12,11,13,11,19,98,93,6.7,1014,13,7,249,13,lorient
2020-05-03,14,10,0.0,9.2,3,72,03:18 PM,04:22 AM,05:52 AM,08:29 PM,13,11,13,11,36,93,96,1.8,1017,14,7,247,23,lorient
2020-05-04,16,11,0.0,14.5,4,80,04:38 PM,04:48 AM,05:51 AM,08:30 PM,13,13,14,13,43,38,89,1.7,1015,16,10,92,23,lorient
2020-05-05,15,12,0.0,13.5,3,87,06:00 PM,05:12 AM,05:49 AM,08:32 PM,13,13,14,13,30,43,90,10.8,1015,15,9,238,17,lorient
2020-05-06,16,12,0.0,13.5,4,94,07:24 PM,05:37 AM,05:48 AM,08:33 PM,12,13,14,13,24,41,82,0.3,1019,16,10,143,14,lorient
2020-05-07,15,9,0.0,14.5,4,100,08:46 PM,06:04 AM,05:46 AM,08:35 PM,12,13,14,13,27,25,84,0.0,1021,15,10,94,16,lorient
2020-05-08,16,11,0.0,14.5,4,100,10:07 PM,06:35 AM,05:45 AM,08:36 PM,13,14,15,14,29,30,85,5.4,1016,16,10,98,18,lorient
2020-05-09,16,15,0.0,11.4,4,84,11:23 PM,07:13 AM,05:43 AM,08:37 PM,15,15,15,15,23,64,94,0.0,1009,16,9,142,15,lorient
2020-05-10,15,15,0.0,12.4,3,77,No moonrise,07:58 AM,05:42 AM,08:39 PM,13,14,15,14,26,58,90,0.2,1004,15,10,265,18,lorient
2020-05-11,12,11,0.0,12.4,3,70,12:29 AM,08:52 AM,05:41 AM,08:40 PM,7,8,12,8,70,68,75,5.3,1010,12,10,42,51,lorient
2020-05-12,12,5,0.0,13.5,2,62,01:24 AM,09:53 AM,05:39 AM,08:41 PM,5,6,10,6,53,32,68,0.0,1018,12,10,59,41,lorient
2020-05-13,14,9,0.0,12.5,3,55,02:07 AM,10:58 AM,05:38 AM,08:43 PM,7,8,12,8,62,54,71,0.0,1010,14,10,54,46,lorient
2020-05-14,12,6,0.0,12.5,2,48,02:41 AM,12:04 PM,05:37 AM,08:44 PM,5,6,10,6,62,50,71,0.0,1015,12,10,48,47,lorient
2020-05-15,14,10,0.0,14.5,4,40,03:09 AM,01:11 PM,05:35 AM,08:45 PM,7,8,12,8,51,5,72,0.0,1021,14,10,37,38,lorient
2020-05-16,14,7,0.0,14.5,4,33,03:32 AM,02:15 PM,05:34 AM,08:46 PM,8,10,12,10,33,5,73,0.0,1025,14,10,117,24,lorient
2020-05-17,14,7,0.0,13.5,3,26,03:52 AM,03:19 PM,05:33 AM,08:48 PM,9,10,12,10,21,28,78,0.0,1023,14,10,141,15,lorient
2020-05-18,14,9,0.0,14.5,4,19,04:11 AM,04:22 PM,05:32 AM,08:49 PM,10,12,13,12,19,14,77,0.0,1026,14,10,172,12,lorient
2020-05-19,16,12,0.0,14.5,4,11,04:29 AM,05:26 PM,05:31 AM,08:50 PM,10,13,15,13,19,1,72,0.0,1025,16,10,163,12,lorient
2020-05-20,16,12,0.0,14.5,4,4,04:48 AM,06:29 PM,05:30 AM,08:51 PM,12,14,15,14,23,5,79,0.0,1021,16,10,139,14,lorient
2020-05-21,18,12,0.0,14.5,5,0,05:09 AM,07:35 PM,05:29 AM,08:53 PM,12,15,16,15,18,27,72,0.0,1021,18,10,248,10,lorient
2020-05-22,16,15,0.0,12.5,4,0,05:34 AM,08:42 PM,05:28 AM,08:54 PM,13,15,15,15,34,46,82,0.0,1022,16,10,263,22,lorient
2020-05-23,15,15,0.0,14.5,3,3,06:02 AM,09:48 PM,05:27 AM,08:55 PM,10,13,15,13,36,35,72,0.2,1030,15,10,280,25,lorient
2020-05-24,14,9,0.0,14.5,4,10,06:37 AM,10:52 PM,05:26 AM,08:56 PM,8,12,14,12,18,11,69,0.0,1035,14,10,199,13,lorient
2020-05-25,16,9,0.0,14.5,4,17,07:22 AM,11:50 PM,05:25 AM,08:57 PM,11,12,14,12,33,13,78,0.0,1034,16,10,127,22,lorient
2020-05-26,19,14,0.0,14.5,5,25,08:15 AM,No moonset,05:24 AM,08:58 PM,13,16,16,16,40,5,81,0.0,1034,19,10,41,25,lorient
2020-05-27,19,13,0.0,14.5,5,32,09:19 AM,12:40 AM,05:23 AM,08:59 PM,14,16,17,16,45,6,81,0.0,1032,19,10,56,26,lorient
2020-05-28,19,14,0.0,15.8,5,39,10:29 AM,01:22 AM,05:22 AM,09:00 PM,14,16,17,16,52,6,81,0.0,1027,19,10,77,30,lorient
2020-05-29,18,12,0.0,15.8,5,47,11:45 AM,01:57 AM,05:21 AM,09:01 PM,12,15,16,15,51,6,73,0.0,1022,18,10,78,31,lorient
2020-05-30,19,13,0.0,15.8,5,54,01:01 PM,02:26 AM,05:21 AM,09:02 PM,13,16,17,16,46,2,76,0.0,1018,19,10,75,28,lorient
2020-05-31,19,12,0.0,15.8,5,58,02:19 PM,02:51 AM,05:20 AM,09:03 PM,13,16,17,16,52,6,75,0.0,1016,19,10,75,32,lorient
2020-06-01,19,14,0.0,15.9,5,71,03:38 PM,03:15 AM,05:19 AM,09:04 PM,13,17,17,17,46,12,76,0.0,1016,19,10,58,29,lorient
2020-06-02,20,13,0.0,15.9,5,79,04:58 PM,03:39 AM,05:19 AM,09:05 PM,15,17,18,17,33,3,82,0.0,1017,20,10,113,21,lorient
2020-06-03,18,15,0.0,15.9,4,86,06:18 PM,04:04 AM,05:18 AM,09:06 PM,13,16,16,16,38,24,79,1.0,1009,18,10,193,25,lorient
2020-06-04,16,12,0.0,13.7,4,94,07:40 PM,04:32 AM,05:18 AM,09:07 PM,11,14,15,14,41,68,77,6.0,1006,16,9,215,29,lorient
2020-06-05,16,15,0.0,11.9,4,100,08:58 PM,05:05 AM,05:17 AM,09:08 PM,12,16,16,16,56,95,79,2.2,1007,16,10,290,41,lorient
2020-06-06,14,7,0.0,15.6,3,100,10:10 PM,05:46 AM,05:17 AM,09:09 PM,8,11,13,11,46,59,68,1.4,1009,14,10,304,35,lorient
2020-06-07,15,10,0.0,15.6,3,84,11:12 PM,06:36 AM,05:16 AM,09:09 PM,10,12,14,12,35,54,74,2.3,1011,15,10,302,26,lorient
2020-06-08,16,8,0.0,15.6,3,76,No moonrise,07:35 AM,05:16 AM,09:10 PM,11,12,14,12,26,48,79,1.3,1016,16,10,184,18,lorient
2020-06-09,15,12,0.0,16.0,4,69,12:01 AM,08:40 AM,05:16 AM,09:11 PM,10,13,14,13,27,35,76,0.1,1020,15,10,165,19,lorient
2020-06-10,14,8,0.0,15.6,3,61,12:40 AM,09:48 AM,05:15 AM,09:11 PM,10,12,13,12,23,45,76,0.0,1019,14,10,208,16,lorient
2020-06-11,14,11,0.0,12.0,3,54,01:11 AM,10:55 AM,05:15 AM,09:12 PM,11,12,14,12,33,97,81,29.6,1006,14,7,166,23,lorient
2020-06-12,15,9,0.0,12.9,3,46,01:36 AM,12:01 PM,05:15 AM,09:13 PM,11,12,14,12,47,70,76,13.8,998,15,9,136,33,lorient
2020-06-13,16,11,0.0,12.9,3,38,01:58 AM,01:06 PM,05:15 AM,09:13 PM,12,13,14,13,41,79,83,18.8,1004,16,9,230,29,lorient
2020-06-14,16,13,0.0,12.0,4,31,02:17 AM,02:10 PM,05:15 AM,09:14 PM,13,15,15,15,40,81,84,4.4,1014,16,10,239,27,lorient
2020-06-15,16,12,0.0,12.9,4,23,02:35 AM,03:13 PM,05:15 AM,09:14 PM,13,15,16,15,32,70,84,12.1,1016,16,9,259,21,lorient
2020-06-16,16,12,0.0,12.9,4,16,02:54 AM,04:17 PM,05:15 AM,09:14 PM,13,15,15,15,39,70,83,7.5,1014,16,9,251,26,lorient
2020-06-17,16,12,0.0,12.9,4,8,03:14 AM,05:22 PM,05:15 AM,09:15 PM,13,14,15,14,40,68,85,1.5,1013,16,10,308,28,lorient
2020-06-18,15,12,0.0,13.8,4,1,03:36 AM,06:28 PM,05:15 AM,09:15 PM,12,14,15,14,43,78,81,0.9,1014,15,10,262,31,lorient
2020-06-19,16,13,0.0,16.0,4,0,04:03 AM,07:36 PM,05:15 AM,09:15 PM,12,15,15,15,29,55,78,0.5,1019,16,10,260,20,lorient
2020-06-20,17,10,0.0,16.0,4,0,04:35 AM,08:41 PM,05:15 AM,09:16 PM,13,15,16,15,30,41,83,0.1,1021,17,10,208,21,lorient
2020-06-21,17,15,0.0,14.7,4,0,05:17 AM,09:43 PM,05:15 AM,09:16 PM,13,16,16,16,41,52,83,3.5,1021,17,10,265,28,lorient
2020-06-22,16,11,0.0,16.0,5,7,06:08 AM,10:37 PM,05:16 AM,09:16 PM,11,14,15,14,14,2,73,0.0,1026,16,10,178,10,lorient
2020-06-23,19,13,0.0,16.0,4,14,07:10 AM,11:23 PM,05:16 AM,09:16 PM,15,17,17,17,33,45,79,0.0,1021,19,10,79,18,lorient
2020-06-24,21,15,0.0,16.0,5,22,08:19 AM,12:00 AM,05:16 AM,09:16 PM,17,18,19,18,30,5,84,0.0,1017,21,10,99,16,lorient
2020-06-25,20,14,0.0,13.8,4,29,09:34 AM,No moonset,05:17 AM,09:16 PM,17,19,19,19,17,42,85,4.7,1014,20,10,228,10,lorient
2020-06-26,18,13,0.0,12.0,4,37,10:51 AM,12:30 AM,05:17 AM,09:16 PM,15,17,17,17,35,76,85,1.3,1012,18,9,239,25,lorient
2020-06-27,19,15,0.0,12.0,4,44,12:08 PM,12:57 AM,05:17 AM,09:16 PM,14,18,18,18,53,81,78,2.3,1013,19,10,243,37,lorient
2020-06-28,17,17,0.0,12.0,4,52,01:25 PM,01:21 AM,05:18 AM,09:16 PM,13,17,17,17,34,93,77,2.0,1017,17,10,263,24,lorient
2020-06-29,16,9,0.0,12.0,4,59,02:42 PM,01:44 AM,05:18 AM,09:16 PM,11,15,15,15,35,72,72,0.4,1020,16,10,284,26,lorient
2020-06-30,18,14,0.0,12.0,4,67,04:01 PM,02:07 AM,05:19 AM,09:16 PM,16,17,17,17,44,97,91,1.0,1014,18,8,241,30,lorient
2020-07-01,18,16,0.0,15.6,4,72,05:20 PM,02:33 AM,05:20 AM,09:15 PM,15,17,17,17,41,65,85,0.8,1011,18,8,249,28,lorient
2020-07-02,16,13,0.0,16.0,4,79,06:37 PM,03:03 AM,05:20 AM,09:15 PM,12,16,16,16,39,49,78,0.3,1017,16,10,281,28,lorient
2020-07-03,16,11,0.0,14.7,4,86,07:51 PM,03:40 AM,05:21 AM,09:15 PM,12,15,16,15,31,63,78,0.5,1022,16,10,274,23,lorient
2020-07-04,18,10,0.0,11.9,4,94,08:57 PM,04:24 AM,05:22 AM,09:14 PM,15,16,16,16,49,82,88,0.2,1021,18,9,242,33,lorient
2020-07-05,18,17,0.0,12.9,4,100,09:52 PM,05:19 AM,05:22 AM,09:14 PM,16,18,18,18,42,84,89,0.8,1020,18,9,268,29,lorient
2020-07-06,17,10,0.0,14.7,4,100,10:35 PM,06:21 AM,05:23 AM,09:14 PM,11,14,15,14,32,51,70,0.0,1024,17,10,296,24,lorient
2020-07-07,16,9,0.0,15.9,4,85,11:10 PM,07:29 AM,05:24 AM,09:13 PM,11,13,14,13,21,8,76,0.0,1024,16,10,149,15,lorient
2020-07-08,18,13,0.0,15.9,5,77,11:38 PM,08:37 AM,05:25 AM,09:13 PM,13,16,17,16,23,17,77,0.0,1020,18,10,210,15,lorient
2020-07-09,18,15,0.0,15.9,5,70,No moonrise,09:46 AM,05:26 AM,09:12 PM,16,17,18,17,28,34,88,0.1,1019,18,10,293,19,lorient
2020-07-10,18,10,0.0,15.9,4,63,12:01 AM,10:52 AM,05:26 AM,09:11 PM,14,16,17,16,36,43,80,1.1,1020,18,9,251,25,lorient
2020-07-11,18,11,0.0,15.8,4,55,12:21 AM,11:56 AM,05:27 AM,09:11 PM,11,14,16,14,33,15,71,0.0,1026,18,10,68,24,lorient
2020-07-12,19,15,0.0,15.8,5,48,12:40 AM,01:00 PM,05:28 AM,09:10 PM,12,16,17,16,41,4,72,0.0,1025,19,10,51,28,lorient
2020-07-13,19,15,0.0,15.8,5,41,12:58 AM,02:03 PM,05:29 AM,09:09 PM,13,17,17,17,32,10,75,0.0,1024,19,10,166,22,lorient
2020-07-14,18,11,0.0,14.6,4,34,01:17 AM,03:08 PM,05:30 AM,09:08 PM,13,16,17,16,27,56,78,0.0,1021,18,10,270,18,lorient
2020-07-15,17,13,0.0,12.8,4,26,01:39 AM,04:13 PM,05:31 AM,09:08 PM,13,16,16,16,34,65,77,0.0,1021,17,10,321,25,lorient
2020-07-16,18,13,0.0,13.7,4,19,02:03 AM,05:20 PM,05:32 AM,09:07 PM,14,16,17,16,26,65,80,0.0,1023,18,10,303,18,lorient
2020-07-17,18,15,0.0,15.7,5,12,02:33 AM,06:26 PM,05:33 AM,09:06 PM,15,17,17,17,26,19,84,0.0,1023,18,10,144,18,lorient
2020-07-18,19,11,0.0,15.7,5,5,03:10 AM,07:30 PM,05:34 AM,09:05 PM,14,16,17,16,22,2,79,0.0,1021,19,10,153,14,lorient
2020-07-19,19,12,0.0,15.7,5,0,03:58 AM,08:27 PM,05:36 AM,09:04 PM,15,17,18,17,27,4,81,0.0,1018,19,10,153,18,lorient
2020-07-20,20,16,0.0,15.7,5,0,04:56 AM,09:18 PM,05:37 AM,09:03 PM,15,18,18,18,42,18,80,0.0,1020,20,10,45,28,lorient
2020-07-21,21,16,0.0,15.6,4,2,06:04 AM,09:59 PM,05:38 AM,09:02 PM,13,18,18,18,51,30,72,0.0,1022,21,10,38,34,lorient
2020-07-22,20,13,0.0,15.6,5,10,07:19 AM,10:32 PM,05:39 AM,09:01 PM,13,17,18,17,39,2,71,0.0,1022,20,10,122,26,lorient
2020-07-23,19,16,0.0,13.5,4,17,08:37 AM,11:01 PM,05:40 AM,08:59 PM,13,18,18,18,26,24,71,0.1,1019,19,10,152,17,lorient
2020-07-24,19,17,0.0,14.5,5,24,09:56 AM,11:26 PM,05:41 AM,08:58 PM,15,18,18,18,28,22,81,0.0,1018,19,10,283,20,lorient
2020-07-25,19,14,0.0,10.5,4,32,11:15 AM,11:49 PM,05:42 AM,08:57 PM,17,18,18,18,38,66,89,0.3,1014,19,10,242,26,lorient
2020-07-26,18,10,0.0,14.5,5,39,12:32 PM,No moonset,05:44 AM,08:56 PM,14,16,17,16,24,24,79,0.4,1015,18,10,281,17,lorient
2020-07-27,19,15,0.0,12.5,4,46,01:50 PM,12:12 AM,05:45 AM,08:55 PM,16,18,18,18,35,35,85,0.0,1014,19,10,218,23,lorient
2020-07-28,17,10,0.0,13.5,4,53,03:08 PM,12:36 AM,05:46 AM,08:53 PM,12,15,16,15,32,34,75,0.0,1018,17,10,310,23,lorient
2020-07-29,17,11,0.0,14.5,5,61,04:24 PM,01:05 AM,05:47 AM,08:52 PM,12,15,16,15,21,10,76,0.0,1021,17,10,152,15,lorient
2020-07-30,22,15,0.0,14.5,5,68,05:39 PM,01:38 AM,05:49 AM,08:51 PM,14,18,19,18,39,2,68,0.0,1017,22,10,88,23,lorient
2020-07-31,21,19,0.0,14.5,5,72,06:46 PM,02:19 AM,05:50 AM,08:49 PM,17,20,21,20,29,22,82,0.0,1012,21,10,274,17,lorient
2020-08-01,18,18,0.0,13.5,4,82,07:44 PM,03:09 AM,05:51 AM,08:48 PM,16,18,18,18,35,44,85,0.0,1019,18,10,295,24,lorient
2020-08-02,18,12,0.0,14.5,5,90,08:31 PM,04:08 AM,05:52 AM,08:46 PM,12,16,17,16,30,18,73,0.0,1021,18,10,309,21,lorient
2020-08-03,18,13,0.0,12.4,4,97,09:09 PM,05:13 AM,05:54 AM,08:45 PM,13,16,17,16,21,40,78,0.9,1019,18,10,241,15,lorient
2020-08-04,17,11,0.0,14.5,5,100,09:39 PM,06:21 AM,05:55 AM,08:43 PM,11,15,16,15,15,7,73,0.0,1019,17,10,181,11,lorient
2020-08-05,19,12,0.0,14.5,5,88,10:03 PM,07:30 AM,05:56 AM,08:42 PM,13,17,18,17,14,3,71,0.0,1016,19,10,207,10,lorient
2020-08-06,20,15,0.0,14.5,5,81,10:24 PM,08:37 AM,05:57 AM,08:40 PM,16,19,19,19,15,1,76,0.0,1016,20,10,203,9,lorient
2020-08-07,23,20,0.0,14.5,6,74,10:44 PM,09:43 AM,05:59 AM,08:39 PM,15,24,24,22,35,20,65,0.6,1014,23,10,161,17,lorient
2020-08-08,21,15,0.0,14.4,6,67,11:02 PM,10:47 AM,06:00 AM,08:37 PM,17,19,21,19,47,4,78,0.0,1017,21,10,305,26,lorient
2020-08-09,21,16,0.0,11.6,5,59,11:21 PM,11:51 AM,06:01 AM,08:35 PM,16,19,20,19,29,12,79,0.0,1017,21,10,247,17,lorient
2020-08-10,21,17,0.0,7.2,5,52,11:41 PM,12:54 PM,06:03 AM,08:34 PM,18,19,21,19,32,68,84,13.0,1013,21,9,133,18,lorient
2020-08-11,21,16,0.0,11.6,6,45,No moonrise,01:59 PM,06:04 AM,08:32 PM,18,19,20,19,18,12,87,0.0,1013,21,10,101,12,lorient
2020-08-12,21,14,0.0,10.5,5,38,12:03 AM,03:04 PM,06:05 AM,08:30 PM,19,19,20,19,14,44,89,1.1,1012,21,10,115,8,lorient
2020-08-13,20,12,0.0,7.1,4,30,12:30 AM,04:10 PM,06:07 AM,08:29 PM,18,18,19,18,30,84,88,4.3,1012,20,10,232,20,lorient
2020-08-14,20,19,0.0,9.3,4,23,01:04 AM,05:14 PM,06:08 AM,08:27 PM,16,19,19,19,27,54,81,0.0,1017,20,10,287,19,lorient
2020-08-15,19,12,0.0,10.5,4,16,01:46 AM,06:14 PM,06:09 AM,08:25 PM,16,18,18,18,19,37,82,2.8,1014,19,10,190,13,lorient
2020-08-16,19,14,0.0,9.3,4,8,02:39 AM,07:08 PM,06:11 AM,08:23 PM,15,18,18,18,24,65,80,10.8,1011,19,9,195,16,lorient
2020-08-17,19,14,0.0,7.1,4,1,03:43 AM,07:53 PM,06:12 AM,08:22 PM,15,18,18,18,25,83,82,4.1,1010,19,9,239,17,lorient
2020-08-18,20,16,0.0,11.6,5,0,04:56 AM,08:30 PM,06:13 AM,08:20 PM,16,19,19,19,21,36,82,0.0,1013,20,10,236,14,lorient
2020-08-19,20,13,0.0,7.0,4,0,06:15 AM,09:01 PM,06:15 AM,08:18 PM,18,18,19,18,49,83,91,20.3,1006,20,8,182,31,lorient
2020-08-20,20,16,0.0,10.5,4,6,07:36 AM,09:28 PM,06:16 AM,08:16 PM,16,19,19,19,45,56,82,2.1,1005,20,10,219,30,lorient
2020-08-21,20,17,0.0,10.4,5,13,08:57 AM,09:52 PM,06:17 AM,08:14 PM,16,19,19,19,57,51,78,0.5,1010,20,10,234,38,lorient
2020-08-22,19,19,0.0,7.0,4,20,10:17 AM,10:15 PM,06:19 AM,08:13 PM,16,19,19,19,46,74,82,1.4,1019,19,10,256,32,lorient
2020-08-23,18,15,0.0,10.4,4,28,11:38 AM,10:40 PM,06:20 AM,08:11 PM,14,18,18,18,33,43,76,0.7,1022,18,10,289,24,lorient
2020-08-24,19,15,0.0,10.4,4,35,12:57 PM,11:07 PM,06:21 AM,08:09 PM,14,18,18,18,24,53,77,0.0,1020,19,10,259,17,lorient
2020-08-25,20,11,0.0,6.9,4,42,02:15 PM,11:39 PM,06:23 AM,08:07 PM,16,18,18,18,50,61,81,0.2,1013,20,10,235,34,lorient
2020-08-26,18,18,0.0,8.1,4,50,03:31 PM,No moonset,06:24 AM,08:05 PM,14,18,18,18,32,58,76,0.4,1019,18,10,282,22,lorient
2020-08-27,19,17,0.0,8.1,4,57,04:39 PM,12:17 AM,06:25 AM,08:03 PM,14,18,18,18,31,65,79,1.6,1016,19,10,248,21,lorient
2020-08-28,18,16,0.0,9.2,4,64,05:40 PM,01:04 AM,06:27 AM,08:01 PM,13,18,18,18,54,60,74,2.5,1008,18,10,279,38,lorient
2020-08-29,17,15,0.0,10.4,4,71,06:29 PM,02:00 AM,06:28 AM,07:59 PM,11,16,16,16,47,52,71,1.3,1009,17,10,185,35,lorient
2020-08-30,17,11,0.0,11.6,4,79,07:09 PM,03:02 AM,06:29 AM,07:57 PM,11,15,16,15,33,46,72,0.3,1017,17,10,174,23,lorient
2020-08-31,16,9,0.0,11.6,4,82,07:41 PM,04:09 AM,06:31 AM,07:56 PM,11,13,14,13,15,40,77,0.0,1020,16,10,134,10,lorient
2020-09-01,17,12,0.0,11.6,5,97,08:07 PM,05:17 AM,06:32 AM,07:54 PM,11,15,16,15,22,20,71,0.0,1019,17,10,121,16,lorient
2020-09-02,17,13,0.0,11.6,5,100,08:29 PM,06:24 AM,06:33 AM,07:52 PM,12,16,17,16,16,10,73,0.0,1020,17,10,164,11,lorient
2020-09-03,19,12,0.0,11.6,5,88,08:48 PM,07:31 AM,06:35 AM,07:50 PM,15,17,18,17,18,11,80,0.0,1022,19,10,252,12,lorient
2020-09-04,19,17,0.0,11.6,5,81,09:07 PM,08:35 AM,06:36 AM,07:48 PM,15,19,19,19,17,11,81,0.0,1023,19,10,229,11,lorient
2020-09-05,17,12,0.0,11.6,5,73,09:25 PM,09:40 AM,06:37 AM,07:46 PM,11,15,16,15,34,8,73,0.0,1025,17,10,294,25,lorient
2020-09-06,16,11,0.0,11.6,5,66,09:44 PM,10:43 AM,06:39 AM,07:44 PM,11,14,15,14,31,24,73,0.3,1023,16,10,315,23,lorient
2020-09-07,17,11,0.0,11.6,5,58,10:05 PM,11:47 AM,06:40 AM,07:42 PM,13,15,16,15,20,21,79,0.5,1025,17,10,136,14,lorient
2020-09-08,18,14,0.0,10.3,4,50,10:30 PM,12:51 PM,06:42 AM,07:40 PM,13,16,17,16,21,32,75,0.0,1027,18,10,153,15,lorient
2020-09-09,19,13,0.0,11.6,5,43,11:00 PM,01:57 PM,06:43 AM,07:38 PM,15,17,18,17,29,27,78,0.0,1025,19,10,158,18,lorient
2020-09-10,19,16,0.0,9.0,4,35,11:37 PM,03:01 PM,06:44 AM,07:36 PM,15,18,18,18,27,44,85,0.2,1022,19,10,137,18,lorient
2020-09-11,18,14,0.0,11.6,5,28,No moonrise,04:02 PM,06:46 AM,07:33 PM,14,17,17,17,21,7,81,0.0,1017,18,10,106,14,lorient
2020-09-12,17,10,0.0,11.6,4,20,12:24 AM,04:57 PM,06:47 AM,07:31 PM,11,14,15,14,23,26,75,0.0,1020,17,10,160,16,lorient
2020-09-13,20,15,0.0,11.6,5,13,01:22 AM,05:45 PM,06:48 AM,07:29 PM,14,18,18,18,24,0,70,0.0,1022,20,10,72,15,lorient
2020-09-14,21,12,0.0,11.6,4,5,02:30 AM,06:25 PM,06:50 AM,07:27 PM,16,19,20,19,40,27,73,0.0,1016,21,10,129,21,lorient
2020-09-15,21,18,0.0,7.7,5,0,03:47 AM,06:58 PM,06:51 AM,07:25 PM,17,20,20,20,21,55,78,0.3,1018,21,10,281,11,lorient
2020-09-16,22,17,0.0,11.6,6,0,05:07 AM,07:27 PM,06:52 AM,07:23 PM,16,20,20,20,29,8,74,0.0,1021,22,10,61,16,lorient
2020-09-17,22,16,0.0,11.6,5,0,06:29 AM,07:52 PM,06:54 AM,07:21 PM,16,19,20,19,47,13,79,0.0,1018,22,10,56,27,lorient
2020-09-18,21,19,0.0,10.3,5,2,07:52 AM,08:16 PM,06:55 AM,07:19 PM,15,20,20,20,54,31,74,0.3,1014,21,9,119,31,lorient
2020-09-19,20,19,0.0,10.3,4,10,09:15 AM,08:40 PM,06:57 AM,07:17 PM,17,19,19,19,12,50,89,4.4,1011,20,10,83,8,lorient
2020-09-20,19,12,0.0,8.9,4,17,10:38 AM,09:07 PM,06:58 AM,07:15 PM,16,17,18,17,18,42,84,0.2,1014,19,10,133,11,lorient
2020-09-21,18,17,0.0,8.9,4,25,12:00 PM,09:38 PM,06:59 AM,07:13 PM,17,18,18,18,23,52,90,3.4,1015,18,10,288,16,lorient
2020-09-22,18,11,0.0,10.2,5,32,01:20 PM,10:15 PM,07:01 AM,07:11 PM,16,16,17,16,28,39,86,0.1,1013,18,10,275,20,lorient
2020-09-23,18,16,0.0,6.0,4,40,02:33 PM,11:00 PM,07:02 AM,07:09 PM,14,17,18,17,38,72,80,1.8,1007,18,10,252,27,lorient
2020-09-24,17,5,0.0,7.4,3,47,03:37 PM,11:53 PM,07:03 AM,07:07 PM,10,13,15,13,68,65,69,13.7,1005,17,9,263,49,lorient
2020-09-25,15,13,0.0,10.2,3,55,04:29 PM,No moonset,07:05 AM,07:04 PM,8,12,15,12,72,44,65,2.0,1011,15,10,312,54,lorient
2020-09-26,14,6,0.0,8.8,3,62,05:12 PM,12:54 AM,07:06 AM,07:02 PM,7,10,13,10,42,54,64,0.6,1017,14,10,262,32,lorient
2020-09-27,15,10,0.0,11.6,4,70,05:45 PM,02:00 AM,07:08 AM,07:00 PM,8,11,13,11,41,9,67,0.0,1017,15,10,320,31,lorient
2020-09-28,17,11,0.0,10.1,5,78,06:12 PM,03:08 AM,07:09 AM,06:58 PM,11,13,14,13,31,43,79,0.0,1018,17,10,302,23,lorient
2020-09-29,17,10,0.0,8.7,4,85,06:34 PM,04:15 AM,07:10 AM,06:56 PM,14,15,16,15,23,58,88,0.0,1018,17,10,258,15,lorient
2020-09-30,16,9,0.0,7.2,4,93,06:54 PM,05:21 AM,07:12 AM,06:54 PM,14,15,16,15,48,73,85,3.4,1011,16,10,224,32,lorient
2020-10-01,15,9,0.0,5.7,3,97,07:13 PM,06:26 AM,07:13 AM,06:52 PM,9,12,14,12,42,78,73,7.7,1004,15,9,266,30,lorient
2020-10-02,13,5,0.0,5.7,3,100,07:31 PM,07:30 AM,07:15 AM,06:50 PM,10,9,12,9,68,85,80,53.4,981,13,8,213,51,lorient
2020-10-03,13,11,0.0,5.7,3,89,07:49 PM,08:34 AM,07:16 AM,06:48 PM,10,10,13,10,53,92,81,39.4,989,13,8,264,42,lorient
2020-10-04,14,12,0.0,8.6,3,82,08:09 PM,09:38 AM,07:17 AM,06:46 PM,9,11,14,11,60,62,72,3.8,996,14,10,288,42,lorient
2020-10-05,14,9,0.0,7.1,3,74,08:32 PM,10:42 AM,07:19 AM,06:44 PM,10,10,13,10,65,69,74,0.7,1007,14,10,279,45,lorient
2020-10-06,15,12,0.0,7.1,3,67,08:59 PM,11:47 AM,07:20 AM,06:42 PM,11,12,14,12,63,82,79,2.4,1011,15,9,274,42,lorient
2020-10-07,14,9,0.0,7.1,3,60,09:33 PM,12:51 PM,07:22 AM,06:40 PM,12,12,14,12,48,71,83,0.1,1019,14,10,265,32,lorient
2020-10-08,16,13,0.0,7.1,4,53,10:15 PM,01:53 PM,07:23 AM,06:38 PM,13,15,15,15,48,70,86,0.1,1021,16,10,232,28,lorient
2020-10-09,14,8,0.0,11.1,3,45,11:08 PM,02:49 PM,07:25 AM,06:36 PM,10,11,13,11,31,45,81,6.2,1024,14,9,203,21,lorient
2020-10-10,13,8,0.0,11.1,4,38,No moonrise,03:39 PM,07:26 AM,06:34 PM,7,10,13,10,36,39,68,0.1,1028,13,10,329,25,lorient
2020-10-11,14,13,0.0,10.1,3,31,12:10 AM,04:21 PM,07:27 AM,06:32 PM,9,11,13,11,42,45,73,0.5,1028,14,10,339,30,lorient
2020-10-12,13,7,0.0,5.5,3,23,01:21 AM,04:56 PM,07:29 AM,06:30 PM,10,10,12,10,32,68,82,7.8,1023,13,9,282,23,lorient
2020-10-13,13,10,0.0,8.5,3,16,02:37 AM,05:25 PM,07:30 AM,06:28 PM,8,10,13,10,50,74,70,1.9,1015,13,10,319,36,lorient
2020-10-14,13,9,0.0,10.1,3,9,03:58 AM,05:51 PM,07:32 AM,06:26 PM,7,9,12,9,32,48,73,2.8,1015,13,10,80,23,lorient
2020-10-15,13,11,0.0,10.9,3,2,05:20 AM,06:15 PM,07:33 AM,06:24 PM,7,10,12,10,30,50,70,0.4,1021,13,10,36,21,lorient
2020-10-16,11,5,0.0,10.9,4,0,06:43 AM,06:39 PM,07:35 AM,06:22 PM,6,9,11,9,20,11,71,0.0,1021,11,10,89,14,lorient
2020-10-17,13,5,0.0,8.5,3,0,08:08 AM,07:05 PM,07:36 AM,06:21 PM,8,9,12,9,24,44,74,0.2,1019,13,10,118,17,lorient
2020-10-18,13,7,0.0,10.8,4,5,09:33 AM,07:34 PM,07:38 AM,06:19 PM,8,10,12,10,27,16,71,0.0,1023,13,10,111,20,lorient
2020-10-19,14,7,0.0,10.8,4,13,10:57 AM,08:08 PM,07:39 AM,06:17 PM,10,10,13,10,50,27,78,0.0,1014,14,10,131,34,lorient
2020-10-20,16,12,0.0,8.5,4,20,12:17 PM,08:51 PM,07:41 AM,06:15 PM,14,15,15,15,49,69,89,2.7,1005,16,9,184,29,lorient
2020-10-21,15,12,0.0,6.9,4,27,01:28 PM,09:44 PM,07:42 AM,06:13 PM,13,14,15,14,45,82,88,9.4,1002,15,7,198,28,lorient
2020-10-22,15,7,0.0,10.0,3,35,02:26 PM,10:44 PM,07:44 AM,06:12 PM,12,12,14,12,24,40,86,1.0,1011,15,10,205,16,lorient
2020-10-23,15,7,0.0,5.3,3,42,03:13 PM,11:50 PM,07:45 AM,06:10 PM,11,12,14,12,42,58,79,0.4,1014,15,10,241,28,lorient
2020-10-24,15,7,0.0,5.3,3,49,03:50 PM,No moonset,07:47 AM,06:08 PM,12,12,13,12,61,85,82,1.0,1015,15,9,224,39,lorient
2020-10-25,14,6,0.0,8.4,3,56,04:18 PM,12:58 AM,07:48 AM,06:06 PM,8,10,13,10,56,67,69,16.5,1004,14,9,252,40,lorient
2020-10-26,13,7,0.0,5.3,3,64,04:41 PM,02:06 AM,07:49 AM,06:05 PM,8,10,13,10,55,76,71,7.2,1007,13,9,280,40,lorient
2020-10-27,16,11,0.0,6.8,3,71,05:01 PM,03:12 AM,07:51 AM,06:03 PM,11,12,14,12,63,75,80,8.8,1007,16,8,249,43,lorient
2020-10-28,14,6,0.0,6.8,3,78,05:20 PM,04:17 AM,07:52 AM,06:01 PM,9,11,14,11,64,71,72,3.3,1013,14,10,255,45,lorient
2020-10-29,15,11,0.0,10.5,4,85,05:38 PM,05:22 AM,07:54 AM,06:00 PM,12,13,15,13,48,62,84,0.8,1022,15,10,241,32,lorient
2020-10-30,15,12,0.0,7.1,4,93,05:55 PM,06:25 AM,07:55 AM,05:58 PM,13,13,15,13,42,50,87,0.5,1022,15,10,211,27,lorient
2020-10-31,16,13,0.0,3.8,4,97,06:14 PM,07:30 AM,07:57 AM,05:57 PM,13,15,16,15,64,68,86,3.7,1016,16,9,204,39,lorient
2020-11-01,16,11,0.0,3.7,4,89,06:36 PM,08:34 AM,07:58 AM,05:55 PM,14,14,16,14,72,89,92,3.4,1014,16,8,226,44,lorient
2020-11-02,16,13,0.0,5.3,3,81,07:02 PM,09:40 AM,08:00 AM,05:54 PM,11,14,15,14,73,66,78,4.3,1016,16,8,248,47,lorient
2020-11-03,12,4,0.0,3.6,3,74,07:33 PM,10:44 AM,08:01 AM,05:52 PM,6,8,12,8,47,72,66,4.0,1026,12,9,275,35,lorient
2020-11-04,12,9,0.0,8.7,3,66,08:12 PM,11:47 AM,08:03 AM,05:51 PM,5,8,11,8,34,39,66,1.2,1031,12,10,93,26,lorient
2020-11-05,12,9,0.0,8.7,4,58,09:00 PM,12:45 PM,08:04 AM,05:49 PM,6,7,11,7,56,0,69,0.0,1032,12,10,70,43,lorient
2020-11-06,14,7,0.0,8.7,4,51,09:58 PM,01:37 PM,08:06 AM,05:48 PM,10,8,11,8,52,22,85,0.0,1022,14,10,101,38,lorient
2020-11-07,16,9,0.0,3.5,4,43,11:04 PM,02:20 PM,08:07 AM,05:46 PM,14,14,15,14,52,76,88,4.9,1015,16,9,136,34,lorient
2020-11-08,16,11,0.0,7.0,4,36,No moonrise,02:56 PM,08:09 AM,05:45 PM,13,15,15,15,34,51,85,2.0,1017,16,10,173,21,lorient
2020-11-09,16,8,0.0,5.2,3,28,12:16 AM,03:26 PM,08:10 AM,05:44 PM,13,14,15,14,32,64,85,3.9,1018,16,10,200,19,lorient
2020-11-10,15,7,0.0,8.7,4,21,01:33 AM,03:52 PM,08:12 AM,05:42 PM,11,12,13,12,22,32,83,0.0,1024,15,10,254,15,lorient
2020-11-11,15,11,0.0,7.0,3,13,02:51 AM,04:16 PM,08:13 AM,05:41 PM,12,12,14,12,45,64,83,3.6,1019,15,10,189,31,lorient
2020-11-12,14,8,0.0,7.0,3,6,04:12 AM,04:38 PM,08:15 AM,05:40 PM,10,12,13,12,31,55,78,2.1,1018,14,10,228,21,lorient
2020-11-13,15,10,0.0,3.5,3,0,05:34 AM,05:02 PM,08:16 AM,05:39 PM,13,14,15,14,48,81,88,1.6,1017,15,10,216,31,lorient
2020-11-14,16,9,0.0,7.0,4,0,06:58 AM,05:29 PM,08:18 AM,05:38 PM,13,14,15,14,56,48,83,0.5,1013,16,10,193,36,lorient
2020-11-15,15,9,0.0,3.4,3,0,08:24 AM,06:00 PM,08:19 AM,05:36 PM,11,13,15,13,78,89,77,10.2,1009,15,9,244,53,lorient
2020-11-16,14,11,0.0,3.4,3,2,09:48 AM,06:39 PM,08:21 AM,05:35 PM,8,11,13,11,44,75,71,1.8,1021,14,10,268,31,lorient
2020-11-17,14,9,0.0,8.7,3,9,11:07 AM,07:28 PM,08:22 AM,05:34 PM,11,12,14,12,37,34,80,0.1,1024,14,10,189,26,lorient
2020-11-18,15,13,0.0,5.2,4,17,12:14 PM,08:27 PM,08:24 AM,05:33 PM,12,13,15,13,49,57,86,0.8,1021,15,8,217,32,lorient
2020-11-19,13,11,0.0,5.2,3,24,01:08 PM,09:34 PM,08:25 AM,05:32 PM,7,9,12,9,47,45,67,0.6,1033,13,10,312,34,lorient
2020-11-20,10,3,0.0,8.7,3,32,01:50 PM,10:43 PM,08:27 AM,05:31 PM,3,8,9,8,14,22,64,0.0,1037,10,10,93,10,lorient
2020-11-21,12,6,0.0,8.7,4,39,02:21 PM,11:53 PM,08:28 AM,05:30 PM,6,9,11,9,18,11,68,0.0,1033,12,10,165,13,lorient
2020-11-22,12,6,0.0,8.7,4,47,02:47 PM,No moonset,08:30 AM,05:30 PM,5,9,11,9,17,28,65,0.0,1029,12,10,94,12,lorient
2020-11-23,13,7,0.0,8.7,4,54,03:08 PM,01:02 AM,08:31 AM,05:29 PM,7,11,12,11,12,8,69,0.0,1028,13,10,190,8,lorient
2020-11-24,14,9,0.0,6.9,3,62,03:27 PM,02:07 AM,08:32 AM,05:28 PM,10,11,13,11,37,43,82,0.5,1019,14,10,169,27,lorient
2020-11-25,15,7,0.0,3.3,3,70,03:45 PM,03:12 AM,08:34 AM,05:27 PM,12,12,13,12,39,68,83,3.5,1011,15,10,168,27,lorient
2020-11-26,13,6,0.0,8.7,4,77,04:02 PM,04:16 AM,08:35 AM,05:26 PM,11,10,12,10,25,33,85,0.5,1017,13,10,85,19,lorient
2020-11-27,13,7,0.0,6.9,3,85,04:20 PM,05:20 AM,08:36 AM,05:26 PM,11,10,12,10,32,44,86,0.0,1015,13,10,107,23,lorient
2020-11-28,15,12,0.0,8.7,3,92,04:41 PM,06:24 AM,08:38 AM,05:25 PM,11,12,14,12,47,37,82,2.9,1012,15,10,110,33,lorient
2020-11-29,12,5,0.0,8.7,4,100,05:05 PM,07:30 AM,08:39 AM,05:25 PM,7,8,11,8,44,15,72,0.0,1019,12,10,74,33,lorient
2020-11-30,11,4,0.0,8.7,3,100,05:35 PM,08:35 AM,08:40 AM,05:24 PM,5,7,10,7,25,10,68,0.0,1027,11,10,116,19,lorient
2020-12-01,13,10,0.0,5.1,3,89,06:11 PM,09:40 AM,08:42 AM,05:24 PM,8,9,12,9,38,75,74,1.4,1026,13,9,188,27,lorient
2020-12-02,10,4,0.0,6.9,2,82,06:57 PM,10:41 AM,08:43 AM,05:23 PM,4,6,9,6,24,64,66,0.1,1022,10,10,200,18,lorient
2020-12-03,11,7,0.0,3.3,3,75,07:52 PM,11:35 AM,08:44 AM,05:23 PM,6,6,10,6,50,93,76,15.3,1002,11,9,280,36,lorient
2020-12-04,9,8,0.0,3.3,2,67,08:55 PM,12:21 PM,08:45 AM,05:22 PM,2,4,9,4,48,81,62,8.3,986,9,9,308,36,lorient
2020-12-05,10,7,0.0,3.3,2,60,10:05 PM,12:59 PM,08:46 AM,05:22 PM,4,6,10,6,54,79,69,11.9,987,10,9,298,38,lorient
2020-12-06,9,8,0.0,6.9,2,53,11:19 PM,01:30 PM,08:47 AM,05:22 PM,4,5,9,5,55,47,69,1.5,1000,9,10,331,42,lorient
2020-12-07,9,0,0.0,3.3,2,46,No moonrise,01:56 PM,08:48 AM,05:22 PM,4,5,8,5,31,84,72,13.5,999,9,9,156,24,lorient
2020-12-08,10,3,0.0,5.1,2,38,12:34 AM,02:19 PM,08:49 AM,05:22 PM,4,5,8,5,36,53,70,2.3,1005,10,10,243,28,lorient
2020-12-09,11,7,0.0,3.3,3,31,01:51 AM,02:41 PM,08:51 AM,05:21 PM,6,7,10,7,42,87,72,8.9,1011,11,9,284,31,lorient
2020-12-10,12,10,0.0,3.3,3,24,03:09 AM,03:04 PM,08:51 AM,05:21 PM,8,8,12,8,62,75,78,19.5,1000,12,8,280,44,lorient
2020-12-11,13,5,0.0,3.3,3,17,04:29 AM,03:28 PM,08:52 AM,05:21 PM,10,9,12,9,61,69,81,11.0,994,13,9,276,41,lorient
2020-12-12,11,6,0.0,5.1,3,9,05:52 AM,03:55 PM,08:53 AM,05:21 PM,5,7,11,7,60,72,65,3.9,1006,11,10,299,44,lorient
2020-12-13,14,10,0.0,3.3,3,2,07:16 AM,04:29 PM,08:54 AM,05:22 PM,10,9,12,9,56,95,86,13.1,1007,14,9,209,38,lorient
2020-12-14,13,11,0.0,6.9,3,0,08:37 AM,05:13 PM,08:55 AM,05:22 PM,10,10,13,10,52,70,83,11.8,1004,13,9,222,34,lorient
2020-12-15,12,7,0.0,5.1,3,0,09:52 AM,06:06 PM,08:56 AM,05:22 PM,7,9,12,9,48,73,72,1.8,1008,12,10,230,34,lorient
2020-12-16,13,4,0.0,3.2,3,5,10:54 AM,07:11 PM,08:57 AM,05:22 PM,8,8,12,8,57,94,77,11.4,1007,13,7,202,40,lorient
2020-12-17,13,5,0.0,8.7,3,12,11:43 AM,08:21 PM,08:57 AM,05:23 PM,9,9,12,9,42,55,77,1.0,1018,13,10,228,29,lorient
2020-12-18,13,6,0.0,5.1,3,20,12:20 PM,09:34 PM,08:58 AM,05:23 PM,10,9,12,9,63,80,81,1.6,1014,13,8,188,43,lorient
2020-12-19,13,10,0.0,6.9,3,27,12:49 PM,10:45 PM,08:59 AM,05:23 PM,9,10,13,10,55,76,77,8.3,1010,13,9,234,37,lorient
2020-12-20,12,7,0.0,6.9,3,34,01:12 PM,11:54 PM,08:59 AM,05:24 PM,8,9,12,9,43,79,73,4.0,1018,12,10,236,30,lorient
2020-12-21,14,8,0.0,3.1,3,41,01:32 PM,No moonset,09:00 AM,05:24 PM,12,10,13,10,76,88,88,12.0,1016,14,9,225,47,lorient
2020-12-22,14,11,0.0,3.1,3,49,01:50 PM,01:00 AM,09:00 AM,05:25 PM,12,11,14,11,66,97,92,6.7,1018,14,10,227,40,lorient
2020-12-23,14,11,0.0,2.1,3,56,02:08 PM,02:04 AM,09:01 AM,05:25 PM,10,9,13,9,79,89,82,11.6,1011,14,9,224,52,lorient
2020-12-24,10,8,0.0,3.9,2,63,02:25 PM,03:08 AM,09:01 AM,05:26 PM,5,5,9,5,63,83,74,3.3,1022,10,10,265,47,lorient
2020-12-25,7,7,0.0,3.9,2,70,02:45 PM,04:12 AM,09:01 AM,05:27 PM,1,3,7,3,41,47,66,0.4,1033,7,10,54,32,lorient
2020-12-26,10,3,0.0,2.1,2,78,03:08 PM,05:17 AM,09:02 AM,05:27 PM,3,5,8,5,35,86,69,0.8,1028,10,10,233,26,lorient
2020-12-27,11,9,0.0,2.1,3,85,03:35 PM,06:23 AM,09:02 AM,05:28 PM,6,5,10,5,87,96,76,17.8,994,11,8,262,63,lorient
2020-12-28,10,6,0.0,2.1,2,92,04:09 PM,07:29 AM,09:02 AM,05:29 PM,3,4,9,4,87,79,66,14.6,979,10,9,296,62,lorient
2020-12-29,9,7,0.0,3.9,2,100,04:51 PM,08:31 AM,09:02 AM,05:30 PM,4,4,8,4,58,73,72,7.0,992,9,10,318,42,lorient
2020-12-30,9,2,0.0,2.1,2,100,05:44 PM,09:29 AM,09:02 AM,05:31 PM,4,4,8,4,50,79,70,3.0,1008,9,10,305,37,lorient
2020-12-31,9,3,0.0,5.8,2,89,06:46 PM,10:19 AM,09:02 AM,05:32 PM,3,4,8,4,49,63,67,4.7,1006,9,10,319,36,lorient
2021-01-01,7,1,0.0,3.9,2,79,07:56 PM,11:00 AM,09:02 AM,05:32 PM,1,3,6,3,30,47,65,1.0,1011,7,10,110,23,lorient
2021-01-02,7,2,0.0,2.1,2,71,09:10 PM,11:34 AM,09:02 AM,05:33 PM,2,3,6,3,23,51,72,0.2,1017,7,10,105,17,lorient
2021-01-03,6,-1,0.0,2.1,2,64,10:24 PM,12:01 PM,09:02 AM,05:34 PM,2,2,5,2,27,83,77,3.0,1015,6,10,52,20,lorient
2021-01-04,5,3,0.3,2.1,1,57,11:41 PM,12:25 PM,09:02 AM,05:36 PM,1,-0,5,-0,36,94,79,2.1,1015,5,8,46,29,lorient
2021-01-05,5,-1,0.0,2.1,1,50,No moonrise,12:47 PM,09:02 AM,05:37 PM,1,0,4,0,33,91,76,0.3,1017,5,10,48,25,lorient
2021-01-06,4,-4,0.0,2.1,1,42,12:56 AM,01:08 PM,09:02 AM,05:38 PM,-1,-1,3,-1,23,80,71,0.2,1018,4,10,63,17,lorient
2021-01-07,5,-3,0.0,5.8,1,35,02:13 AM,01:31 PM,09:01 AM,05:39 PM,-1,1,3,1,17,49,68,0.2,1019,5,10,125,13,lorient
2021-01-08,7,1,0.0,2.1,2,28,03:32 AM,01:55 PM,09:01 AM,05:40 PM,0,3,6,3,13,65,65,0.4,1019,7,10,199,10,lorient
2021-01-09,5,-2,0.0,5.8,2,20,04:52 AM,02:25 PM,09:01 AM,05:41 PM,1,-0,5,-0,46,24,75,0.1,1021,5,10,69,38,lorient
2021-01-10,6,-0,0.0,8.4,3,13,06:13 AM,03:03 PM,09:00 AM,05:43 PM,1,0,5,0,43,9,71,0.0,1025,6,10,44,35,lorient
2021-01-11,9,3,0.0,8.4,2,6,07:29 AM,03:51 PM,09:00 AM,05:44 PM,3,4,7,4,21,40,73,0.2,1026,9,10,174,16,lorient
2021-01-12,11,5,0.0,3.3,3,0,08:36 AM,04:49 PM,08:59 AM,05:45 PM,7,6,10,6,55,86,80,0.9,1024,11,10,280,38,lorient
2021-01-13,11,9,0.0,3.3,3,0,09:32 AM,05:57 PM,08:59 AM,05:46 PM,8,7,11,7,47,84,81,0.5,1027,11,10,285,31,lorient
2021-01-14,11,9,0.0,5.1,3,1,10:14 AM,07:10 PM,08:58 AM,05:48 PM,8,7,10,7,57,74,85,0.3,1025,11,10,280,36,lorient
2021-01-15,9,7,0.0,8.7,3,8,10:47 AM,08:23 PM,08:57 AM,05:49 PM,4,5,8,5,35,35,74,0.0,1028,9,10,155,24,lorient
2021-01-16,10,4,0.0,3.3,2,16,11:14 AM,09:35 PM,08:57 AM,05:50 PM,7,6,9,6,45,99,85,2.4,1026,10,9,215,29,lorient
2021-01-17,9,2,0.0,8.7,3,23,11:35 AM,10:43 PM,08:56 AM,05:52 PM,4,6,8,6,17,49,77,0.2,1027,9,9,105,12,lorient
2021-01-18,9,3,0.0,3.4,2,30,11:54 AM,11:50 PM,08:55 AM,05:53 PM,5,6,8,6,32,76,75,0.1,1027,9,10,209,22,lorient
2021-01-19,11,7,0.0,6.9,3,38,12:12 PM,No moonset,08:54 AM,05:55 PM,8,7,10,7,56,77,86,0.6,1015,11,9,216,36,lorient
2021-01-20,12,7,0.0,3.4,3,45,12:29 PM,12:54 AM,08:53 AM,05:56 PM,8,7,10,7,71,83,84,10.9,996,12,8,204,45,lorient
2021-01-21,11,5,0.0,3.4,2,52,12:48 PM,01:59 AM,08:53 AM,05:58 PM,6,5,9,5,70,81,76,22.0,992,11,9,254,48,lorient
2021-01-22,9,3,0.0,3.4,2,59,01:10 PM,03:03 AM,08:52 AM,05:59 PM,4,4,8,4,48,85,74,28.3,994,9,7,211,36,lorient
2021-01-23,8,5,0.0,8.2,2,67,01:35 PM,04:08 AM,08:51 AM,06:01 PM,2,4,8,4,41,75,68,18.2,999,8,9,293,31,lorient
2021-01-24,9,8,0.0,6.5,2,74,02:05 PM,05:14 AM,08:50 AM,06:02 PM,3,4,8,4,42,81,68,4.7,1002,9,10,217,31,lorient
2021-01-25,8,1,0.0,9.6,2,81,02:44 PM,06:18 AM,08:49 AM,06:04 PM,0,3,6,3,30,40,62,0.7,1012,8,10,264,21,lorient
2021-01-26,9,4,0.0,4.8,2,88,03:33 PM,07:18 AM,08:47 AM,06:05 PM,4,4,8,4,39,80,73,3.9,1019,9,10,175,28,lorient
2021-01-27,12,8,0.0,4.8,3,96,04:32 PM,08:11 AM,08:46 AM,06:07 PM,11,8,11,8,43,97,96,11.0,1018,12,9,260,25,lorient
2021-01-28,12,9,0.0,4.8,3,100,05:40 PM,08:56 AM,08:45 AM,06:08 PM,11,8,12,8,63,98,94,3.7,1014,12,7,246,37,lorient
2021-01-29,11,9,0.0,4.8,3,90,06:54 PM,09:34 AM,08:44 AM,06:10 PM,9,7,11,7,62,72,88,4.0,1010,11,9,253,39,lorient
2021-01-30,11,3,0.0,4.8,3,82,08:11 PM,10:04 AM,08:43 AM,06:11 PM,8,7,10,7,73,86,84,12.5,996,11,8,241,46,lorient
2021-01-31,10,4,0.0,4.9,2,79,09:29 PM,10:29 AM,08:41 AM,06:13 PM,8,6,9,6,50,89,88,5.5,999,10,9,252,32,lorient
2021-02-01,12,7,0.0,4.9,3,63,10:46 PM,10:52 AM,08:40 AM,06:14 PM,9,7,11,7,76,97,87,5.9,1000,12,9,272,48,lorient
2021-02-02,12,10,0.0,4.9,3,55,No moonrise,11:14 AM,08:39 AM,06:16 PM,11,9,12,9,65,93,92,3.2,1004,12,9,231,39,lorient
2021-02-03,11,4,0.0,4.9,3,48,12:04 AM,11:35 AM,08:37 AM,06:17 PM,9,7,10,7,64,83,85,12.1,1002,11,9,230,42,lorient
2021-02-04,11,10,0.0,4.9,3,40,01:22 AM,11:59 AM,08:36 AM,06:19 PM,9,8,11,8,44,76,85,6.1,1009,11,10,205,28,lorient
2021-02-05,11,10,0.0,6.6,3,33,02:41 AM,12:26 PM,08:35 AM,06:21 PM,9,9,11,9,18,64,86,1.4,1010,11,10,222,12,lorient
2021-02-06,9,8,0.0,9.9,2,25,03:59 AM,01:00 PM,08:33 AM,06:22 PM,5,5,8,5,43,48,78,0.2,1003,9,9,169,31,lorient
2021-02-07,8,6,0.0,6.6,2,18,05:15 AM,01:43 PM,08:32 AM,06:24 PM,3,4,8,4,30,77,71,0.2,1003,8,10,262,22,lorient
2021-02-08,5,-3,0.0,8.3,1,10,06:24 AM,02:36 PM,08:30 AM,06:25 PM,0,-1,4,-1,33,67,73,0.0,998,5,10,50,27,lorient
2021-02-09,5,0,0.0,5.0,1,3,07:23 AM,03:40 PM,08:29 AM,06:27 PM,2,-0,4,-0,41,83,82,20.6,996,5,8,101,32,lorient
2021-02-10,2,-5,0.0,8.3,1,0,08:09 AM,04:50 PM,08:27 AM,06:28 PM,-0,-4,1,-4,42,69,84,2.5,1008,2,10,62,36,lorient
2021-02-11,4,-1,0.0,5.0,1,0,08:45 AM,06:03 PM,08:25 AM,06:30 PM,-1,-4,3,-4,53,92,77,0.1,1018,4,9,101,43,lorient
2021-02-12,3,-2,0.0,5.0,1,0,09:14 AM,07:15 PM,08:24 AM,06:32 PM,1,-3,3,-3,44,88,84,11.4,1018,3,7,78,36,lorient
2021-02-13,4,-3,0.0,5.1,1,5,09:37 AM,08:25 PM,08:22 AM,06:33 PM,-1,-2,3,-2,43,86,70,0.2,1026,4,10,113,35,lorient
2021-02-14,10,3,0.0,8.3,2,12,09:57 AM,09:34 PM,08:21 AM,06:35 PM,7,4,8,4,61,79,85,0.2,1025,10,10,155,40,lorient
2021-02-15,11,6,0.0,6.7,3,20,10:15 AM,10:39 PM,08:19 AM,06:36 PM,9,7,10,7,61,76,88,1.2,1023,11,9,180,36,lorient
2021-02-16,12,4,0.0,8.4,3,27,10:33 AM,11:45 PM,08:17 AM,06:38 PM,9,7,10,7,59,63,87,9.7,1018,12,9,226,36,lorient
2021-02-17,11,3,0.0,10.0,3,35,10:51 AM,No moonset,08:16 AM,06:40 PM,9,6,10,6,63,41,86,0.0,1016,11,10,210,38,lorient
2021-02-18,12,6,0.0,6.8,2,42,11:11 AM,12:49 AM,08:14 AM,06:41 PM,7,6,10,6,53,65,78,9.0,1008,12,9,234,32,lorient
2021-02-19,11,5,0.0,5.2,3,50,11:35 AM,01:54 AM,08:12 AM,06:43 PM,8,7,10,7,54,58,80,0.3,1010,11,10,180,33,lorient
2021-02-20,13,7,0.0,6.8,3,58,12:02 PM,02:59 AM,08:10 AM,06:44 PM,9,9,12,9,77,57,77,0.7,1004,13,9,182,43,lorient
2021-02-21,11,4,0.0,5.2,3,65,12:36 PM,04:03 AM,08:09 AM,06:46 PM,9,8,10,8,35,90,85,0.9,1006,11,7,157,21,lorient
2021-02-22,11,8,0.0,5.2,3,73,01:20 PM,05:05 AM,08:07 AM,06:47 PM,8,8,10,8,33,95,88,5.4,1011,11,9,242,22,lorient
2021-02-23,11,5,0.0,10.4,3,80,02:14 PM,06:01 AM,08:05 AM,06:49 PM,7,7,10,7,48,14,80,0.0,1025,11,10,203,31,lorient
2021-02-24,12,5,0.0,10.5,4,88,03:19 PM,06:49 AM,08:03 AM,06:51 PM,9,8,11,8,47,29,84,0.0,1026,12,10,181,25,lorient
2021-02-25,11,9,0.0,10.0,3,95,04:31 PM,07:30 AM,08:01 AM,06:52 PM,8,8,10,8,28,32,85,0.0,1027,11,10,143,18,lorient
2021-02-26,9,3,0.0,10.5,3,100,05:48 PM,08:02 AM,08:00 AM,06:54 PM,4,5,8,5,30,0,71,0.0,1036,9,10,18,21,lorient
2021-02-27,10,3,0.0,11.0,3,90,07:08 PM,08:30 AM,07:58 AM,06:55 PM,4,4,8,4,40,5,73,0.0,1037,10,10,54,29,lorient
2021-02-28,9,3,0.0,11.0,3,82,08:27 PM,08:54 AM,07:56 AM,06:57 PM,4,3,7,3,54,0,75,0.0,1030,9,10,73,39,lorient
2021-03-01,10,5,0.0,11.0,3,79,09:48 PM,09:17 AM,07:54 AM,06:58 PM,7,5,9,5,45,7,82,0.0,1025,10,10,99,30,lorient
2021-03-02,11,4,0.0,5.7,3,72,11:09 PM,09:39 AM,07:52 AM,07:00 PM,9,7,10,7,40,73,87,1.4,1024,11,10,127,26,lorient
2021-03-03,12,9,0.0,11.5,3,65,No moonrise,10:02 AM,07:50 AM,07:01 PM,9,9,11,9,23,40,86,1.9,1027,12,10,232,14,lorient
2021-03-04,10,5,0.0,8.7,2,57,12:29 AM,10:28 AM,07:48 AM,07:03 PM,8,8,10,8,15,54,87,0.0,1023,10,10,179,9,lorient
2021-03-05,8,2,0.0,8.7,2,50,01:50 AM,11:01 AM,07:46 AM,07:04 PM,4,3,7,3,44,45,78,0.1,1026,8,10,53,32,lorient
2021-03-06,7,2,0.0,11.6,3,43,03:08 AM,11:41 AM,07:45 AM,07:06 PM,0,1,6,1,39,0,65,0.0,1029,7,10,60,30,lorient
2021-03-07,8,1,0.0,11.6,3,35,04:18 AM,12:30 PM,07:43 AM,07:07 PM,0,2,6,2,34,0,65,0.0,1025,8,10,51,26,lorient
2021-03-08,7,1,0.0,11.6,3,28,05:19 AM,01:30 PM,07:41 AM,07:09 PM,0,2,5,2,30,2,67,0.0,1023,7,10,84,23,lorient
2021-03-09,6,0,0.0,11.6,2,21,06:08 AM,02:36 PM,07:39 AM,07:10 PM,1,2,5,2,18,18,74,0.0,1023,6,10,110,13,lorient
2021-03-10,10,2,0.0,7.3,2,14,06:46 AM,03:48 PM,07:37 AM,07:12 PM,6,4,8,4,50,77,78,0.7,1019,10,7,212,34,lorient
2021-03-11,11,9,0.0,7.3,3,6,07:17 AM,05:00 PM,07:35 AM,07:13 PM,8,6,10,6,71,77,82,3.2,1013,11,9,259,43,lorient
2021-03-12,10,7,0.0,5.9,2,0,07:41 AM,06:10 PM,07:33 AM,07:15 PM,6,6,10,6,59,77,74,2.6,1015,10,10,260,38,lorient
2021-03-13,10,2,0.0,8.8,2,0,08:01 AM,07:19 PM,07:31 AM,07:16 PM,5,4,9,4,83,74,72,4.3,1011,10,10,272,56,lorient
2021-03-14,10,7,0.0,11.6,2,1,08:20 AM,08:25 PM,07:29 AM,07:18 PM,3,5,9,5,50,46,66,1.7,1023,10,10,307,35,lorient
2021-03-15,11,4,0.0,7.4,2,8,08:37 AM,09:32 PM,07:27 AM,07:19 PM,8,6,10,6,47,61,84,0.2,1026,11,10,296,30,lorient
2021-03-16,11,5,0.0,10.2,3,15,08:55 AM,10:36 PM,07:25 AM,07:21 PM,9,8,10,8,36,59,89,0.0,1030,11,10,293,21,lorient
2021-03-17,11,8,0.0,11.6,3,23,09:14 AM,11:42 PM,07:23 AM,07:22 PM,6,7,10,7,40,22,78,0.0,1033,11,10,82,26,lorient
2021-03-18,10,6,0.0,7.4,2,30,09:36 AM,No moonset,07:21 AM,07:24 PM,4,5,9,5,32,51,74,0.0,1030,10,10,59,23,lorient
2021-03-19,10,8,0.0,8.8,2,37,10:01 AM,12:47 AM,07:18 AM,07:25 PM,6,6,10,6,53,63,76,1.1,1024,10,8,70,37,lorient
2021-03-20,10,6,0.0,11.6,3,44,10:32 AM,01:52 AM,07:16 AM,07:27 PM,2,4,8,4,40,5,65,0.0,1030,10,10,41,29,lorient
2021-03-21,11,6,0.0,6.1,2,52,11:11 AM,02:54 AM,07:14 AM,07:28 PM,6,7,9,7,24,64,80,0.2,1029,11,10,98,16,lorient
2021-03-22,8,3,0.0,11.6,3,59,11:59 AM,03:51 AM,07:12 AM,07:30 PM,5,5,8,5,23,3,76,0.0,1027,8,10,135,17,lorient
2021-03-23,10,2,0.0,11.6,2,66,12:58 PM,04:41 AM,07:10 AM,07:31 PM,6,6,8,6,25,15,78,0.0,1025,10,10,137,18,lorient
2021-03-24,11,7,0.0,7.5,3,73,02:06 PM,05:25 AM,07:08 AM,07:32 PM,8,8,10,8,29,57,82,0.4,1022,11,10,227,20,lorient
2021-03-25,9,5,0.0,10.2,2,81,03:21 PM,06:00 AM,07:06 AM,07:34 PM,5,6,9,6,23,46,77,1.3,1021,9,10,231,16,lorient
2021-03-26,11,8,0.0,7.5,3,88,04:39 PM,06:29 AM,07:04 AM,07:35 PM,6,6,10,6,57,64,73,2.8,1019,11,10,257,39,lorient
2021-03-27,10,3,0.0,10.2,2,95,05:59 PM,06:54 AM,07:02 AM,07:37 PM,4,6,9,6,31,48,67,0.2,1025,10,10,203,22,lorient
2021-03-28,11,7,0.0,11.6,4,100,07:21 PM,07:18 AM,07:00 AM,07:38 PM,8,9,11,9,13,15,83,0.0,1022,11,10,220,9,lorient
2021-03-29,12,5,0.0,11.6,4,100,08:43 PM,07:40 AM,06:58 AM,07:40 PM,8,9,11,9,37,3,79,0.0,1028,12,10,130,20,lorient
2021-03-30,13,7,0.0,11.6,4,83,10:08 PM,08:02 AM,06:56 AM,07:41 PM,10,9,12,9,51,9,84,0.0,1026,13,10,126,26,lorient
2021-03-31,13,6,0.0,11.6,4,79,11:32 PM,08:28 AM,06:54 AM,07:42 PM,10,9,12,9,43,6,86,0.0,1019,13,10,124,21,lorient
2021-04-01,14,7,0.0,11.6,4,63,No moonrise,08:59 AM,06:52 AM,07:44 PM,11,10,13,10,51,13,82,0.0,1017,14,10,94,24,lorient
2021-04-02,13,11,0.0,11.6,4,56,12:55 AM,09:37 AM,06:50 AM,07:45 PM,9,9,12,9,61,11,81,0.0,1020,13,10,50,36,lorient
2021-04-03,12,7,0.0,11.6,3,48,02:11 AM,10:24 AM,06:48 AM,07:47 PM,4,5,10,5,55,0,70,0.0,1026,12,10,48,40,lorient
2021-04-04,12,7,0.0,11.6,3,41,03:17 AM,11:22 AM,06:46 AM,07:48 PM,4,6,9,6,32,0,70,0.0,1024,12,10,142,23,lorient
2021-04-05,10,7,0.0,7.8,2,33,04:09 AM,12:27 PM,06:44 AM,07:50 PM,4,6,9,6,39,34,68,0.1,1021,10,10,211,29,lorient
2021-04-06,7,0,0.0,6.5,2,26,04:50 AM,01:38 PM,06:42 AM,07:51 PM,-1,2,6,2,37,59,58,0.3,1024,7,10,131,29,lorient
2021-04-07,6,-1,0.0,11.6,3,18,05:22 AM,02:50 PM,06:40 AM,07:52 PM,-1,2,5,2,21,16,60,0.0,1027,6,10,122,16,lorient
2021-04-08,9,4,0.0,10.3,2,11,05:47 AM,04:00 PM,06:38 AM,07:54 PM,1,4,8,4,30,19,59,0.0,1022,9,10,126,23,lorient
2021-04-09,11,7,0.0,6.6,3,3,06:08 AM,05:08 PM,06:36 AM,07:55 PM,7,8,10,8,25,72,78,6.3,1014,11,8,164,17,lorient
2021-04-10,9,8,0.0,6.6,2,0,06:26 AM,06:15 PM,06:34 AM,07:57 PM,7,5,8,5,40,99,88,6.0,1010,9,8,60,29,lorient
2021-04-11,8,6,0.0,7.9,2,0,06:43 AM,07:21 PM,06:32 AM,07:58 PM,2,3,7,3,47,82,71,0.5,1017,8,9,10,36,lorient
2021-04-12,8,4,0.0,11.6,3,0,07:01 AM,08:26 PM,06:30 AM,07:59 PM,1,5,8,5,24,13,61,0.0,1030,8,10,250,18,lorient
2021-04-13,9,4,0.0,11.6,3,4,07:19 AM,09:31 PM,06:28 AM,08:01 PM,4,6,8,6,20,10,69,0.0,1032,9,10,71,14,lorient
2021-04-14,11,5,0.0,11.6,3,12,07:39 AM,10:36 PM,06:26 AM,08:02 PM,2,5,9,5,45,16,61,0.0,1029,11,10,78,33,lorient
2021-04-15,9,3,0.0,11.6,3,19,08:03 AM,11:42 PM,06:24 AM,08:04 PM,1,3,7,3,47,5,62,0.0,1028,9,10,61,35,lorient
2021-04-16,11,6,0.0,11.6,3,27,08:31 AM,No moonset,06:22 AM,08:05 PM,2,4,8,4,43,10,65,0.0,1028,11,10,48,32,lorient
2021-04-17,9,2,0.0,11.6,3,34,09:07 AM,12:45 AM,06:20 AM,08:06 PM,3,5,8,5,28,16,70,0.0,1027,9,10,140,21,lorient
2021-04-18,9,2,0.0,10.4,2,42,09:51 AM,01:44 AM,06:18 AM,08:08 PM,4,6,8,6,14,30,72,0.0,1025,9,10,140,10,lorient
2021-04-19,10,3,0.0,9.3,2,50,10:44 AM,02:36 AM,06:17 AM,08:09 PM,5,7,9,7,15,55,70,0.0,1019,10,10,145,10,lorient
2021-04-20,12,5,0.0,7.0,3,57,11:48 AM,03:22 AM,06:15 AM,08:11 PM,6,9,11,9,14,76,67,0.0,1017,12,10,91,9,lorient
2021-04-21,13,7,0.0,11.6,4,65,12:57 PM,03:58 AM,06:13 AM,08:12 PM,8,9,11,9,32,18,76,0.0,1017,13,10,65,20,lorient
2021-04-22,13,8,0.0,11.6,4,72,02:12 PM,04:29 AM,06:11 AM,08:13 PM,8,8,11,8,55,17,79,0.0,1018,13,10,72,36,lorient
2021-04-23,14,8,0.0,11.6,4,80,03:30 PM,04:55 AM,06:09 AM,08:15 PM,7,9,12,9,59,12,70,0.0,1021,14,10,86,39,lorient
2021-04-24,14,7,0.0,11.6,4,87,04:50 PM,05:18 AM,06:08 AM,08:16 PM,10,10,12,10,50,22,79,0.0,1018,14,10,88,29,lorient
2021-04-25,15,11,0.0,11.6,4,95,06:11 PM,05:40 AM,06:06 AM,08:18 PM,9,10,13,10,60,19,75,0.0,1017,15,10,66,37,lorient
2021-04-26,14,10,0.0,11.6,4,100,07:36 PM,06:02 AM,06:04 AM,08:19 PM,6,9,12,9,63,28,67,0.0,1013,14,10,57,43,lorient
2021-04-27,14,9,0.0,11.6,4,100,09:02 PM,06:26 AM,06:02 AM,08:20 PM,7,9,12,9,37,1,72,0.0,1009,14,10,105,27,lorient
2021-04-28,11,9,0.0,11.6,3,83,10:28 PM,06:54 AM,06:01 AM,08:22 PM,5,8,10,8,29,35,71,0.1,1007,11,10,267,21,lorient
2021-04-29,11,3,0.0,14.5,3,75,11:52 PM,07:29 AM,05:59 AM,08:23 PM,5,7,9,7,26,33,72,0.0,1011,11,10,54,19,lorient
2021-04-30,10,3,0.0,12.4,2,67,No moonrise,08:13 AM,05:58 AM,08:25 PM,3,6,9,6,27,50,64,0.0,1014,10,10,111,20,lorient
2021-05-01,11,6,0.0,14.5,3,65,01:05 AM,09:09 AM,05:56 AM,08:26 PM,4,7,10,7,29,23,66,0.0,1015,11,10,138,21,lorient
2021-05-02,10,4,0.0,14.5,3,58,02:05 AM,10:15 AM,05:54 AM,08:27 PM,5,6,9,6,25,18,70,0.2,1022,10,10,267,19,lorient
2021-05-03,11,5,0.0,13.4,3,50,02:51 AM,11:27 AM,05:53 AM,08:29 PM,5,8,10,8,30,33,70,0.0,1021,11,10,194,22,lorient
2021-05-04,12,9,0.0,9.2,3,43,03:26 AM,12:39 PM,05:51 AM,08:30 PM,9,8,11,8,45,98,86,6.1,1012,12,8,278,32,lorient
2021-05-05,11,4,0.0,13.5,2,36,03:53 AM,01:51 PM,05:50 AM,08:31 PM,4,7,10,7,32,41,62,0.0,1016,11,10,298,24,lorient
2021-05-06,13,8,0.0,9.3,3,29,04:15 AM,03:00 PM,05:48 AM,08:33 PM,9,9,12,9,48,84,83,8.7,1009,13,9,237,34,lorient
2021-05-07,11,4,0.0,11.4,3,21,04:34 AM,04:07 PM,05:47 AM,08:34 PM,8,8,10,8,25,68,80,1.4,1014,11,10,162,18,lorient
2021-05-08,14,7,0.0,13.5,3,14,04:51 AM,05:12 PM,05:45 AM,08:36 PM,12,10,13,10,51,41,90,0.6,1010,14,10,191,31,lorient
2021-05-09,14,8,0.0,11.4,3,7,05:08 AM,06:17 PM,05:44 AM,08:37 PM,11,11,13,11,41,49,83,0.1,1000,14,10,202,25,lorient
2021-05-10,12,10,0.0,9.4,3,0,05:26 AM,07:22 PM,05:42 AM,08:38 PM,9,9,12,9,46,69,80,2.3,1004,12,10,225,33,lorient
2021-05-11,12,7,0.0,10.4,3,0,05:45 AM,08:27 PM,05:41 AM,08:40 PM,8,8,11,8,50,63,76,1.6,1010,12,10,242,37,lorient
2021-05-12,12,6,0.0,9.4,3,0,06:07 AM,09:33 PM,05:40 AM,08:41 PM,8,8,11,8,37,84,77,21.4,1012,12,9,230,27,lorient
2021-05-13,12,4,0.0,13.5,3,8,06:33 AM,10:37 PM,05:38 AM,08:42 PM,7,8,11,8,44,51,74,1.8,1011,12,10,261,32,lorient
2021-05-14,12,7,0.0,12.5,3,15,07:06 AM,11:39 PM,05:37 AM,08:44 PM,8,8,12,8,49,64,76,1.5,1013,12,10,284,36,lorient
2021-05-15,13,7,0.0,12.5,3,22,07:47 AM,No moonset,05:36 AM,08:45 PM,10,9,12,9,49,61,84,5.8,1006,13,10,248,35,lorient
2021-05-16,13,8,0.0,12.5,3,29,08:37 AM,12:33 AM,05:35 AM,08:46 PM,10,9,12,9,61,53,83,0.9,1007,13,10,251,44,lorient
2021-05-17,12,9,0.0,11.5,3,37,09:37 AM,01:21 AM,05:33 AM,08:47 PM,10,8,12,8,62,61,85,2.5,1012,12,10,268,45,lorient
2021-05-18,13,9,0.0,10.5,3,44,10:43 AM,01:59 AM,05:32 AM,08:49 PM,9,9,12,9,48,66,82,0.7,1022,13,10,267,34,lorient
2021-05-19,13,6,0.0,13.5,3,51,11:55 AM,02:31 AM,05:31 AM,08:50 PM,8,8,12,8,48,34,77,0.8,1023,13,10,294,34,lorient
2021-05-20,13,5,0.0,12.5,3,58,01:09 PM,02:58 AM,05:30 AM,08:51 PM,9,10,12,10,27,47,78,0.0,1025,13,10,220,19,lorient
2021-05-21,13,12,0.0,14.5,3,66,02:25 PM,03:21 AM,05:29 AM,08:52 PM,9,9,12,9,59,42,82,0.3,1013,13,10,254,42,lorient
2021-05-22,12,9,0.0,10.5,3,73,03:43 PM,03:42 AM,05:28 AM,08:53 PM,8,9,12,9,53,69,75,1.4,1013,12,10,269,38,lorient
2021-05-23,13,8,0.0,10.5,3,80,05:04 PM,04:03 AM,05:27 AM,08:55 PM,8,9,12,9,50,72,76,2.8,1014,13,10,239,36,lorient
2021-05-24,12,8,0.0,11.5,3,88,06:28 PM,04:25 AM,05:26 AM,08:56 PM,8,8,12,8,61,61,75,6.6,1013,12,10,264,45,lorient
2021-05-25,12,4,0.0,11.5,3,95,07:55 PM,04:50 AM,05:25 AM,08:57 PM,9,8,11,8,52,70,80,0.7,1022,12,10,280,37,lorient
2021-05-26,14,10,0.0,9.6,3,100,09:21 PM,05:22 AM,05:24 AM,08:58 PM,11,11,13,11,46,89,87,0.5,1019,14,10,266,31,lorient
2021-05-27,14,7,0.0,14.5,4,100,10:42 PM,06:01 AM,05:23 AM,08:59 PM,10,12,13,12,12,25,80,0.0,1020,14,10,180,8,lorient
2021-05-28,16,9,0.0,15.8,3,83,11:51 PM,06:52 AM,05:22 AM,09:00 PM,11,12,14,12,33,28,79,0.0,1021,16,10,96,19,lorient
2021-05-29,16,13,0.0,15.8,5,76,No moonrise,07:55 AM,05:21 AM,09:01 PM,13,14,15,14,29,29,84,0.0,1023,16,10,139,14,lorient
2021-05-30,16,10,0.0,15.8,4,69,12:45 AM,09:07 AM,05:21 AM,09:02 PM,13,13,15,13,32,40,84,0.0,1023,16,10,123,16,lorient
2021-05-31,17,10,0.0,15.8,4,65,01:26 AM,10:22 AM,05:20 AM,09:03 PM,12,13,15,13,41,9,78,0.0,1016,17,10,70,21,lorient
2021-06-01,17,14,0.0,15.6,5,49,01:57 AM,11:37 AM,05:19 AM,09:04 PM,13,15,16,15,42,29,84,0.9,1011,17,10,99,21,lorient
2021-06-02,16,10,0.0,15.6,4,41,02:20 AM,12:49 PM,05:19 AM,09:05 PM,15,15,15,15,27,47,93,3.4,1011,16,10,199,17,lorient
2021-06-03,15,8,0.0,15.9,3,34,02:41 AM,01:57 PM,05:18 AM,09:06 PM,12,13,14,13,24,42,84,0.1,1020,15,10,254,17,lorient
2021-06-04,16,10,0.0,13.7,3,26,02:59 AM,03:04 PM,05:18 AM,09:07 PM,12,13,15,13,28,60,80,0.0,1024,16,10,108,19,lorient
2021-06-05,16,12,0.0,15.9,4,19,03:16 AM,04:08 PM,05:17 AM,09:08 PM,10,14,14,14,19,2,74,0.0,1027,16,10,187,13,lorient
2021-06-06,17,13,0.0,15.9,5,11,03:33 AM,05:14 PM,05:17 AM,09:08 PM,11,15,15,15,22,19,75,0.0,1026,17,10,179,15,lorient
2021-06-07,17,15,0.0,15.9,5,4,03:51 AM,06:18 PM,05:16 AM,09:09 PM,13,16,16,16,21,6,81,0.0,1024,17,10,172,13,lorient
2021-06-08,17,14,0.0,15.9,5,0,04:11 AM,07:25 PM,05:16 AM,09:10 PM,12,15,16,15,22,9,80,0.0,1024,17,10,174,14,lorient
2021-06-09,17,14,0.0,16.0,5,0,04:36 AM,08:29 PM,05:16 AM,09:11 PM,13,16,16,16,27,16,80,0.0,1023,17,10,316,17,lorient
2021-06-10,19,15,0.0,16.0,5,0,05:07 AM,09:32 PM,05:15 AM,09:11 PM,13,17,17,17,29,7,74,0.0,1022,19,10,177,17,lorient
2021-06-11,19,16,0.0,16.0,5,4,05:46 AM,10:29 PM,05:15 AM,09:12 PM,15,17,18,17,33,9,84,0.0,1022,19,10,148,18,lorient
2021-06-12,19,13,0.0,16.0,5,11,06:33 AM,11:19 PM,05:15 AM,09:12 PM,15,17,18,17,28,20,83,0.0,1023,19,10,155,17,lorient
2021-06-13,20,15,0.0,16.0,5,19,07:30 AM,No moonset,05:15 AM,09:13 PM,14,17,18,17,40,3,75,0.0,1022,20,10,56,23,lorient
2021-06-14,20,16,0.0,16.0,4,26,08:34 AM,12:01 AM,05:15 AM,09:13 PM,15,18,19,18,36,13,79,0.0,1020,20,10,151,18,lorient
2021-06-15,21,16,0.0,16.0,5,34,09:44 AM,12:34 AM,05:15 AM,09:14 PM,15,18,19,18,31,2,81,0.0,1019,21,10,139,17,lorient
2021-06-16,20,17,0.0,16.0,4,42,10:56 AM,01:02 AM,05:15 AM,09:14 PM,16,18,19,18,28,25,84,1.5,1011,20,10,144,15,lorient
2021-06-17,17,9,0.0,12.0,4,49,12:10 PM,01:26 AM,05:15 AM,09:15 PM,15,15,16,15,38,97,89,2.5,1010,17,8,243,28,lorient
2021-06-18,17,10,0.0,16.0,4,57,01:25 PM,01:47 AM,05:15 AM,09:15 PM,12,14,15,14,30,51,78,7.3,1014,17,9,277,22,lorient
2021-06-19,19,16,0.0,12.0,4,64,02:42 PM,02:07 AM,05:15 AM,09:15 PM,16,18,18,18,25,78,87,7.4,1012,19,8,146,18,lorient
2021-06-20,17,11,0.0,12.0,4,72,04:02 PM,02:27 AM,05:15 AM,09:16 PM,14,16,17,16,31,89,81,6.9,1006,17,9,212,22,lorient
2021-06-21,17,13,0.0,12.0,4,79,05:25 PM,02:50 AM,05:15 AM,09:16 PM,13,16,16,16,20,75,78,5.1,1007,17,10,211,14,lorient
2021-06-22,17,15,0.0,12.0,4,87,06:49 PM,03:17 AM,05:15 AM,09:16 PM,13,16,16,16,42,82,81,3.2,1015,17,10,80,31,lorient
2021-06-23,17,11,0.0,14.7,4,94,08:13 PM,03:51 AM,05:16 AM,09:16 PM,10,13,15,13,37,65,71,2.3,1022,17,8,26,28,lorient
2021-06-24,16,10,0.0,15.6,4,100,09:29 PM,04:36 AM,05:16 AM,09:16 PM,11,14,15,14,24,49,74,0.0,1023,16,10,198,18,lorient
2021-06-25,17,13,0.0,16.0,5,100,10:31 PM,05:33 AM,05:16 AM,09:16 PM,12,15,16,15,15,17,74,0.0,1024,17,10,236,11,lorient
2021-06-26,15,9,0.0,12.0,3,83,11:19 PM,06:42 AM,05:17 AM,09:16 PM,14,14,15,14,16,95,90,40.9,1015,15,6,254,11,lorient
2021-06-27,16,12,0.0,14.7,4,75,11:55 PM,07:59 AM,05:17 AM,09:16 PM,11,14,15,14,19,61,78,0.2,1013,16,10,120,14,lorient
2021-06-28,16,11,0.0,14.7,4,68,No moonrise,09:16 AM,05:18 AM,09:16 PM,10,14,15,14,17,52,69,2.5,1014,16,10,206,12,lorient
2021-06-29,17,10,0.0,15.6,4,60,12:22 AM,10:31 AM,05:18 AM,09:16 PM,13,14,16,14,38,60,80,2.0,1016,17,10,290,27,lorient
2021-06-30,17,11,0.0,16.0,5,53,12:45 AM,11:43 AM,05:19 AM,09:16 PM,14,15,16,15,27,26,86,0.1,1017,17,10,257,18,lorient
2021-07-01,17,10,0.0,16.0,5,51,01:04 AM,12:51 PM,05:19 AM,09:16 PM,14,15,16,15,15,16,82,0.0,1019,17,10,169,10,lorient
2021-07-02,18,17,0.0,15.6,5,44,01:21 AM,01:58 PM,05:20 AM,09:15 PM,15,17,17,17,16,36,84,0.0,1018,18,10,199,11,lorient
2021-07-03,18,12,0.0,12.0,4,36,01:38 AM,03:03 PM,05:21 AM,09:15 PM,15,16,17,16,25,87,88,1.4,1014,18,7,218,16,lorient
2021-07-04,16,9,0.0,13.8,4,29,01:56 AM,04:08 PM,05:21 AM,09:15 PM,14,15,16,15,46,66,86,11.7,1012,16,9,246,31,lorient
2021-07-05,18,14,0.0,11.9,4,22,02:16 AM,05:14 PM,05:22 AM,09:14 PM,15,17,17,17,43,82,89,11.4,1009,18,9,218,29,lorient
2021-07-06,17,13,0.0,14.7,4,15,02:39 AM,06:19 PM,05:23 AM,09:14 PM,13,16,16,16,50,51,80,5.8,1007,17,10,243,37,lorient
2021-07-07,17,13,0.0,13.7,4,7,03:08 AM,07:23 PM,05:24 AM,09:13 PM,13,16,16,16,26,61,79,1.1,1016,17,10,264,18,lorient
2021-07-08,17,12,0.0,15.6,4,0,03:44 AM,08:23 PM,05:25 AM,09:13 PM,14,15,16,15,32,43,83,1.0,1022,17,10,286,23,lorient
2021-07-09,16,14,0.0,15.9,5,0,04:28 AM,09:16 PM,05:25 AM,09:12 PM,12,16,16,16,18,40,79,0.0,1023,16,10,268,13,lorient
2021-07-10,16,9,0.0,15.9,4,0,05:23 AM,10:00 PM,05:26 AM,09:11 PM,14,15,16,15,21,47,85,0.0,1018,16,10,245,14,lorient
2021-07-11,17,13,0.0,15.8,5,7,06:26 AM,10:36 PM,05:27 AM,09:11 PM,15,16,16,16,20,43,89,0.0,1016,17,10,216,14,lorient
2021-07-12,16,11,0.0,13.7,4,14,07:35 AM,11:06 PM,05:28 AM,09:10 PM,13,15,15,15,32,67,80,2.0,1013,16,10,276,23,lorient
2021-07-13,17,12,0.0,14.6,4,22,08:47 AM,11:31 PM,05:29 AM,09:09 PM,14,16,16,16,53,52,86,0.2,1017,17,10,301,35,lorient
2021-07-14,18,12,0.0,15.8,4,29,10:01 AM,11:53 PM,05:30 AM,09:09 PM,15,16,17,16,35,39,87,0.1,1020,18,10,320,21,lorient
2021-07-15,18,13,0.0,15.8,5,36,11:15 AM,No moonset,05:31 AM,09:08 PM,15,16,17,16,30,27,85,0.0,1023,18,10,242,17,lorient
2021-07-16,20,16,0.0,15.8,5,43,12:30 PM,12:12 AM,05:32 AM,09:07 PM,15,18,18,18,33,7,82,0.0,1024,20,10,75,18,lorient
2021-07-17,21,16,0.0,15.7,5,51,01:47 PM,12:32 AM,05:33 AM,09:06 PM,14,18,19,18,42,0,76,0.0,1025,21,10,41,23,lorient
2021-07-18,21,14,0.0,15.7,5,58,03:06 PM,12:53 AM,05:34 AM,09:05 PM,15,18,19,18,46,1,79,0.0,1022,21,10,45,23,lorient
2021-07-19,22,16,0.0,15.7,5,65,04:27 PM,01:18 AM,05:35 AM,09:04 PM,16,19,20,19,45,1,81,0.0,1019,22,10,52,22,lorient
2021-07-20,21,16,0.0,15.7,5,73,05:49 PM,01:48 AM,05:36 AM,09:03 PM,16,19,20,19,45,5,77,0.0,1019,21,10,59,22,lorient
2021-07-21,22,18,0.0,15.6,6,80,07:07 PM,02:26 AM,05:38 AM,09:02 PM,16,20,21,20,39,14,77,0.0,1019,22,10,53,19,lorient
2021-07-22,22,17,0.0,15.6,6,87,08:15 PM,03:16 AM,05:39 AM,09:01 PM,16,20,22,20,45,9,72,0.0,1017,22,10,78,22,lorient
2021-07-23,20,16,0.0,14.6,4,94,09:09 PM,04:19 AM,05:40 AM,09:00 PM,17,19,20,19,48,48,83,10.3,1010,20,9,159,29,lorient
2021-07-24,19,12,0.0,9.5,4,100,09:50 PM,05:33 AM,05:41 AM,08:59 PM,16,18,19,18,51,72,84,8.0,1008,19,10,228,35,lorient
2021-07-25,20,15,0.0,14.5,4,100,10:21 PM,06:51 AM,05:42 AM,08:57 PM,16,18,19,18,48,40,84,0.3,1010,20,10,292,33,lorient
2021-07-26,19,15,0.0,13.5,4,84,10:46 PM,08:09 AM,05:43 AM,08:56 PM,16,18,19,18,30,32,84,0.0,1014,19,10,288,21,lorient
2021-07-27,18,15,0.0,12.5,4,77,11:07 PM,09:24 AM,05:45 AM,08:55 PM,15,17,18,17,36,49,80,3.0,1015,18,10,277,26,lorient
2021-07-28,18,15,0.0,12.5,4,69,11:25 PM,10:34 AM,05:46 AM,08:54 PM,13,17,18,17,30,42,76,0.1,1015,18,10,269,22,lorient
2021-07-29,17,11,0.0,11.4,4,62,11:43 PM,11:43 AM,05:47 AM,08:52 PM,12,16,17,16,26,57,72,0.1,1015,17,10,261,19,lorient
2021-07-30,18,15,0.0,11.4,4,55,No moonrise,12:50 PM,05:48 AM,08:51 PM,14,17,18,17,44,60,79,2.1,1013,18,10,272,32,lorient
2021-07-31,18,14,0.0,9.4,4,51,12:00 AM,01:56 PM,05:50 AM,08:49 PM,13,17,17,17,32,69,76,2.0,1015,18,10,289,23,lorient
2021-08-01,18,15,0.0,10.4,4,40,12:19 AM,03:02 PM,05:51 AM,08:48 PM,14,17,17,17,32,61,78,0.7,1015,18,10,279,24,lorient
2021-08-02,18,14,0.0,11.4,4,33,12:41 AM,04:07 PM,05:52 AM,08:47 PM,14,17,17,17,26,52,80,0.4,1017,18,10,275,19,lorient
2021-08-03,16,7,0.0,10.4,4,26,01:08 AM,05:12 PM,05:53 AM,08:45 PM,12,14,15,14,18,61,78,8.6,1015,16,10,254,13,lorient
2021-08-04,18,15,0.0,10.3,4,18,01:41 AM,06:13 PM,05:55 AM,08:44 PM,15,17,17,17,47,71,85,4.2,1011,18,9,268,33,lorient
2021-08-05,19,15,0.0,9.3,4,11,02:22 AM,07:09 PM,05:56 AM,08:42 PM,15,18,18,18,48,79,85,5.0,1011,19,9,235,33,lorient
2021-08-06,17,13,0.0,11.4,4,4,03:13 AM,07:57 PM,05:57 AM,08:41 PM,14,17,17,17,44,54,80,0.5,1008,17,10,257,31,lorient
2021-08-07,18,15,0.0,11.4,4,0,04:14 AM,08:36 PM,05:58 AM,08:39 PM,14,17,17,17,52,67,79,5.1,1006,18,10,251,37,lorient
2021-08-08,17,10,0.0,11.2,4,0,05:22 AM,09:09 PM,06:00 AM,08:37 PM,12,16,17,16,42,66,73,0.8,1015,17,10,263,30,lorient
2021-08-09,18,15,0.0,9.4,4,3,06:35 AM,09:35 PM,06:01 AM,08:36 PM,15,17,17,17,35,64,84,0.9,1017,18,10,227,25,lorient
2021-08-10,18,17,0.0,10.5,4,11,07:50 AM,09:58 PM,06:02 AM,08:34 PM,15,18,18,18,17,60,85,0.0,1019,18,10,262,12,lorient
2021-08-11,17,11,0.0,10.5,4,18,09:05 AM,10:18 PM,06:04 AM,08:32 PM,13,16,16,16,18,29,79,0.0,1020,17,10,211,12,lorient
2021-08-12,18,17,0.0,11.6,5,25,10:20 AM,10:37 PM,06:05 AM,08:31 PM,15,18,18,18,31,11,82,0.0,1020,18,10,315,19,lorient
2021-08-13,18,13,0.0,11.6,5,32,11:37 AM,10:58 PM,06:06 AM,08:29 PM,13,16,17,16,23,10,79,0.0,1023,18,10,318,15,lorient
2021-08-14,19,15,0.0,11.6,5,40,12:55 PM,11:21 PM,06:08 AM,08:27 PM,13,17,18,17,29,1,74,0.0,1021,19,10,228,16,lorient
2021-08-15,18,17,0.0,11.6,5,47,02:15 PM,11:48 PM,06:09 AM,08:26 PM,15,18,18,18,36,12,84,0.0,1019,18,10,266,23,lorient
2021-08-16,18,12,0.0,11.6,4,54,03:35 PM,No moonset,06:10 AM,08:24 PM,14,16,17,16,46,33,82,0.4,1022,18,9,297,31,lorient
2021-08-17,17,12,0.0,11.6,5,61,04:53 PM,12:22 AM,06:12 AM,08:22 PM,13,15,16,15,34,32,77,0.0,1024,17,10,317,24,lorient
2021-08-18,17,12,0.0,8.2,4,69,06:03 PM,01:07 AM,06:13 AM,08:20 PM,13,15,16,15,26,43,80,0.0,1022,17,10,316,18,lorient
2021-08-19,17,11,0.0,11.6,4,76,07:01 PM,02:04 AM,06:14 AM,08:19 PM,14,16,16,16,20,33,82,0.4,1018,17,9,319,14,lorient
2021-08-20,19,16,0.0,11.6,5,83,07:46 PM,03:12 AM,06:16 AM,08:17 PM,14,17,18,17,23,9,80,0.0,1016,19,10,146,15,lorient
2021-08-21,18,11,0.0,8.1,4,91,08:20 PM,04:28 AM,06:17 AM,08:15 PM,16,17,17,17,25,54,89,4.6,1015,18,10,254,16,lorient
2021-08-22,17,15,0.0,11.6,5,98,08:47 PM,05:46 AM,06:18 AM,08:13 PM,14,17,17,17,36,15,83,0.0,1022,17,10,297,24,lorient
2021-08-23,19,14,0.0,11.6,4,100,09:09 PM,07:02 AM,06:20 AM,08:11 PM,14,16,17,16,30,21,81,0.0,1024,19,10,143,18,lorient
2021-08-24,20,15,0.0,10.4,4,88,09:29 PM,08:15 AM,06:21 AM,08:09 PM,13,17,18,17,43,19,74,0.0,1022,20,10,40,27,lorient
2021-08-25,21,16,0.0,11.6,5,80,09:46 PM,09:26 AM,06:22 AM,08:07 PM,13,18,18,18,46,2,69,0.0,1019,21,10,43,28,lorient
2021-08-26,23,16,0.0,11.6,5,73,10:03 PM,10:34 AM,06:24 AM,08:06 PM,14,19,20,19,44,1,72,0.0,1019,23,10,125,29,lorient
2021-08-27,19,11,0.0,11.6,5,66,10:22 PM,11:42 AM,06:25 AM,08:04 PM,12,15,17,15,36,0,70,0.0,1021,19,10,119,26,lorient
2021-08-28,21,15,0.0,11.6,5,59,10:42 PM,12:48 PM,06:26 AM,08:02 PM,13,18,18,18,38,2,71,0.0,1022,21,10,128,28,lorient
2021-08-29,20,15,0.0,11.6,5,51,11:07 PM,01:54 PM,06:28 AM,08:00 PM,13,18,18,18,38,7,75,0.0,1021,20,10,84,27,lorient
2021-08-30,20,10,0.0,11.6,5,44,11:37 PM,03:00 PM,06:29 AM,07:58 PM,13,16,17,16,41,15,73,0.0,1020,20,10,50,28,lorient
2021-08-31,22,16,0.0,11.6,5,40,No moonrise,04:02 PM,06:30 AM,07:56 PM,14,19,20,19,43,8,75,0.0,1022,22,10,43,26,lorient
2021-09-01,23,16,0.0,11.6,5,23,12:14 AM,05:00 PM,06:32 AM,07:54 PM,14,19,19,19,52,1,74,0.0,1022,23,10,50,33,lorient
2021-09-02,22,14,0.0,11.6,5,16,01:02 AM,05:51 PM,06:33 AM,07:52 PM,14,18,19,18,46,2,73,0.0,1019,22,10,80,29,lorient
2021-09-03,19,17,0.0,11.6,5,8,01:58 AM,06:33 PM,06:34 AM,07:50 PM,15,19,19,19,36,26,77,0.0,1016,19,10,123,21,lorient
2021-09-04,21,13,0.0,11.6,5,0,03:04 AM,07:08 PM,06:36 AM,07:48 PM,16,18,19,18,13,25,81,0.0,1015,21,10,211,8,lorient
2021-09-05,23,19,0.0,11.6,5,0,04:15 AM,07:37 PM,06:37 AM,07:46 PM,16,20,20,20,14,7,79,0.0,1017,23,10,220,8,lorient
2021-09-06,24,16,0.0,11.6,6,0,05:31 AM,08:01 PM,06:38 AM,07:44 PM,16,20,21,20,32,9,73,0.0,1018,24,10,66,15,lorient
2021-09-07,22,19,0.0,10.3,5,0,06:47 AM,08:22 PM,06:40 AM,07:42 PM,16,21,22,21,50,25,75,0.1,1014,22,10,120,24,lorient
2021-09-08,19,19,0.0,7.8,4,7,08:05 AM,08:42 PM,06:41 AM,07:40 PM,18,19,19,19,25,54,90,0.2,1011,19,10,257,16,lorient
2021-09-09,20,19,0.0,7.8,4,14,09:23 AM,09:02 PM,06:43 AM,07:38 PM,18,20,20,20,36,67,89,0.1,1012,20,10,226,25,lorient
2021-09-10,20,19,0.0,9.0,4,22,10:43 AM,09:25 PM,06:44 AM,07:36 PM,17,19,19,19,31,50,86,0.5,1015,20,10,286,23,lorient
2021-09-11,19,17,0.0,11.6,5,30,12:04 PM,09:51 PM,06:45 AM,07:34 PM,15,18,18,18,11,19,80,0.0,1019,19,10,217,8,lorient
2021-09-12,20,17,0.0,11.6,5,37,01:26 PM,10:22 PM,06:47 AM,07:32 PM,14,18,18,18,15,20,75,0.0,1015,20,10,102,10,lorient
2021-09-13,22,18,0.0,11.6,5,45,02:44 PM,11:03 PM,06:48 AM,07:30 PM,14,20,21,20,40,18,70,0.0,1012,22,10,89,20,lorient
2021-09-14,20,19,0.0,11.6,4,52,03:56 PM,11:56 PM,06:49 AM,07:28 PM,17,19,19,19,30,47,85,0.3,1011,20,10,96,18,lorient
2021-09-15,19,16,0.0,11.6,5,60,04:57 PM,No moonset,06:51 AM,07:26 PM,15,18,18,18,31,21,81,0.0,1013,19,10,181,21,lorient
2021-09-16,20,16,0.0,11.6,5,67,05:45 PM,01:00 AM,06:52 AM,07:24 PM,13,17,17,17,22,15,77,0.0,1019,20,10,125,16,lorient
2021-09-17,19,17,0.0,7.7,4,75,06:21 PM,02:12 AM,06:53 AM,07:22 PM,14,18,18,18,25,41,79,0.9,1014,19,10,247,18,lorient
2021-09-18,19,17,0.0,9.0,4,82,06:50 PM,03:28 AM,06:55 AM,07:20 PM,13,17,17,17,39,58,76,0.7,1015,19,10,297,30,lorient
2021-09-19,18,16,0.0,11.6,5,90,07:13 PM,04:44 AM,06:56 AM,07:17 PM,13,17,17,17,23,45,77,0.7,1018,18,10,297,17,lorient
2021-09-20,19,15,0.0,6.3,4,97,07:33 PM,05:58 AM,06:58 AM,07:15 PM,12,16,17,16,35,55,75,0.0,1021,19,10,262,27,lorient
2021-09-21,21,16,0.0,11.6,5,100,07:50 PM,07:09 AM,06:59 AM,07:13 PM,13,18,18,18,31,11,73,0.0,1029,21,10,72,23,lorient
2021-09-22,21,15,0.0,11.6,5,87,08:07 PM,08:18 AM,07:00 AM,07:11 PM,11,17,17,17,30,0,67,0.0,1026,21,10,82,23,lorient
2021-09-23,20,15,0.0,11.6,5,80,08:25 PM,09:26 AM,07:02 AM,07:09 PM,12,18,18,18,25,1,70,0.0,1023,20,10,96,19,lorient
2021-09-24,21,16,0.0,11.6,5,72,08:45 PM,10:33 AM,07:03 AM,07:07 PM,15,18,18,18,19,18,85,0.0,1018,21,10,152,14,lorient
2021-09-25,18,17,0.0,8.8,4,65,09:07 PM,11:41 AM,07:04 AM,07:05 PM,14,17,17,17,26,49,79,0.2,1014,18,10,143,17,lorient
2021-09-26,19,17,0.0,11.6,4,57,09:35 PM,12:47 PM,07:06 AM,07:03 PM,16,18,18,18,33,60,89,1.0,1014,19,10,247,23,lorient
2021-09-27,17,16,0.0,11.6,5,50,10:09 PM,01:51 PM,07:07 AM,07:01 PM,12,17,17,17,36,40,71,0.1,1021,17,10,271,26,lorient
2021-09-28,17,17,0.0,5.8,4,42,10:51 PM,02:51 PM,07:09 AM,06:59 PM,12,17,17,17,33,60,74,1.7,1023,17,10,240,23,lorient
2021-09-29,18,15,0.0,11.5,5,35,11:44 PM,03:45 PM,07:10 AM,06:57 PM,10,16,16,16,31,22,65,0.6,1027,18,10,305,23,lorient
2021-09-30,17,15,0.0,10.1,4,27,No moonrise,04:29 PM,07:11 AM,06:55 PM,9,16,16,16,22,30,64,0.0,1028,17,10,189,17,lorient
2021-10-01,18,16,0.0,5.7,4,26,12:45 AM,05:07 PM,07:13 AM,06:53 PM,14,17,17,17,44,69,82,1.3,1018,18,10,243,32,lorient
2021-10-02,18,15,0.0,5.7,4,19,01:54 AM,05:37 PM,07:14 AM,06:50 PM,13,17,17,17,54,92,81,5.3,1005,18,10,228,38,lorient
2021-10-03,17,14,0.0,10.1,4,12,03:07 AM,06:02 PM,07:16 AM,06:48 PM,10,16,16,16,55,63,69,2.8,1003,17,10,264,40,lorient
2021-10-04,17,16,0.0,5.6,4,4,04:22 AM,06:24 PM,07:17 AM,06:46 PM,12,17,17,17,41,82,76,2.2,1013,17,10,234,30,lorient
2021-10-05,16,15,0.0,10.1,4,0,05:41 AM,06:45 PM,07:18 AM,06:44 PM,11,16,16,16,56,48,72,2.8,1012,16,10,288,42,lorient
2021-10-06,17,15,0.0,11.2,5,0,06:59 AM,07:05 PM,07:20 AM,06:42 PM,10,15,16,15,23,14,69,0.0,1025,17,10,305,18,lorient
2021-10-07,17,14,0.0,11.2,5,3,08:20 AM,07:27 PM,07:21 AM,06:40 PM,10,15,15,15,18,9,72,0.0,1026,17,10,78,14,lorient
2021-10-08,18,15,0.0,11.2,5,10,09:44 AM,07:51 PM,07:23 AM,06:38 PM,12,16,16,16,25,10,73,0.0,1027,18,10,88,18,lorient
2021-10-09,20,14,0.0,11.1,5,17,11:09 AM,08:21 PM,07:24 AM,06:36 PM,12,16,17,16,30,9,76,0.0,1026,20,10,89,21,lorient
2021-10-10,18,14,0.0,8.6,4,25,12:32 PM,09:00 PM,07:26 AM,06:34 PM,12,15,16,15,31,33,80,0.0,1026,18,10,42,22,lorient
2021-10-11,20,14,0.0,11.1,5,32,01:49 PM,09:50 PM,07:27 AM,06:32 PM,12,15,16,15,34,6,78,0.0,1028,20,10,51,25,lorient
2021-10-12,18,13,0.0,11.0,4,39,02:54 PM,10:51 PM,07:29 AM,06:31 PM,10,13,14,13,25,10,73,0.0,1028,18,10,88,19,lorient
2021-10-13,16,13,0.0,10.1,3,46,03:46 PM,No moonset,07:30 AM,06:29 PM,10,13,14,13,23,18,76,0.0,1027,16,10,103,17,lorient
2021-10-14,19,13,0.0,11.0,5,54,04:25 PM,12:01 AM,07:31 AM,06:27 PM,9,15,15,15,27,1,64,0.0,1025,19,10,92,21,lorient
2021-10-15,16,14,0.0,10.1,3,61,04:55 PM,01:17 AM,07:33 AM,06:25 PM,8,14,15,14,14,32,64,0.0,1020,16,10,130,11,lorient
2021-10-16,17,15,0.0,10.9,5,68,05:19 PM,02:31 AM,07:34 AM,06:23 PM,11,15,16,15,20,5,76,0.0,1020,17,10,97,15,lorient
2021-10-17,17,15,0.0,10.9,5,76,05:39 PM,03:45 AM,07:36 AM,06:21 PM,12,16,16,16,28,29,77,0.0,1018,17,10,138,21,lorient
2021-10-18,17,16,0.0,5.4,4,83,05:57 PM,04:56 AM,07:37 AM,06:19 PM,15,17,17,17,38,63,86,1.0,1019,17,8,184,25,lorient
2021-10-19,19,17,0.0,10.8,5,90,06:13 PM,06:05 AM,07:39 AM,06:17 PM,16,18,18,18,50,25,89,0.1,1017,19,10,191,27,lorient
2021-10-20,17,15,0.0,6.9,4,97,06:30 PM,07:13 AM,07:40 AM,06:16 PM,14,17,17,17,73,74,84,1.7,1010,17,9,232,49,lorient
2021-10-21,15,13,0.0,6.9,3,100,06:49 PM,08:20 AM,07:42 AM,06:14 PM,9,12,15,12,59,61,70,0.5,1014,15,10,257,45,lorient
2021-10-22,16,12,0.0,10.7,4,88,07:10 PM,09:28 AM,07:43 AM,06:12 PM,5,12,13,12,20,19,56,0.0,1027,16,10,90,16,lorient
2021-10-23,17,13,0.0,10.7,4,81,07:35 PM,10:35 AM,07:45 AM,06:10 PM,8,12,14,12,27,16,66,0.0,1025,17,10,131,21,lorient
2021-10-24,16,15,0.0,10.6,4,74,08:06 PM,11:41 AM,07:46 AM,06:09 PM,11,16,16,16,33,50,76,0.2,1019,16,10,207,24,lorient
2021-10-25,16,15,0.0,10.6,5,66,08:45 PM,12:42 PM,07:48 AM,06:07 PM,12,15,16,15,26,23,80,0.2,1021,16,10,266,20,lorient
2021-10-26,16,15,0.0,10.6,5,59,09:33 PM,01:38 PM,07:49 AM,06:05 PM,13,16,16,16,20,24,85,0.0,1023,16,10,241,15,lorient
2021-10-27,18,15,0.0,10.5,5,52,10:30 PM,02:26 PM,07:51 AM,06:03 PM,14,16,16,16,30,12,88,0.0,1022,18,10,184,22,lorient
2021-10-28,19,15,0.0,10.5,5,44,11:35 PM,03:05 PM,07:52 AM,06:02 PM,14,17,17,17,38,15,86,0.0,1013,19,10,183,29,lorient
2021-10-29,15,15,0.0,6.8,3,37,No moonrise,03:38 PM,07:54 AM,06:00 PM,12,14,15,14,48,77,80,4.1,1004,15,9,232,34,lorient
2021-10-30,16,15,0.0,7.1,4,30,12:44 AM,04:04 PM,07:55 AM,05:59 PM,12,15,15,15,37,51,82,0.4,1000,16,10,210,26,lorient
2021-10-31,16,14,0.0,3.8,3,26,01:58 AM,04:26 PM,07:57 AM,05:57 PM,12,14,15,14,57,75,81,2.7,1002,16,10,234,41,lorient
2021-11-01,14,13,0.0,5.4,3,8,03:13 AM,04:47 PM,07:58 AM,05:56 PM,8,11,14,11,65,73,69,1.8,1005,14,10,268,49,lorient
2021-11-02,14,13,0.0,7.0,3,1,04:30 AM,05:07 PM,08:00 AM,05:54 PM,8,10,13,10,56,75,69,2.3,1002,14,10,284,42,lorient
2021-11-03,14,11,0.0,7.0,3,0,05:50 AM,05:27 PM,08:01 AM,05:53 PM,7,10,12,10,30,41,70,0.8,1006,14,10,342,23,lorient
2021-11-04,13,11,0.0,5.3,3,0,07:13 AM,05:50 PM,08:03 AM,05:51 PM,7,9,12,9,34,50,71,0.6,1016,13,10,22,26,lorient
2021-11-05,13,10,0.0,7.0,3,0,08:39 AM,06:17 PM,08:04 AM,05:50 PM,4,9,12,9,24,41,60,0.2,1027,13,10,63,19,lorient
2021-11-06,12,10,0.0,8.7,4,6,10:06 AM,06:53 PM,08:06 AM,05:48 PM,4,9,11,9,14,19,62,0.0,1031,12,10,139,11,lorient
2021-11-07,17,13,0.0,5.3,4,14,11:30 AM,07:39 PM,08:07 AM,05:47 PM,11,13,15,13,31,56,81,0.1,1027,17,10,271,23,lorient
2021-11-08,13,12,0.0,3.5,3,22,12:44 PM,08:38 PM,08:09 AM,05:45 PM,8,11,12,11,12,79,75,0.0,1026,13,10,171,9,lorient
2021-11-09,15,13,0.0,8.7,3,29,01:43 PM,09:48 PM,08:10 AM,05:44 PM,11,13,14,13,12,45,83,0.0,1025,15,10,175,9,lorient
2021-11-10,16,13,0.0,8.7,4,37,02:27 PM,11:04 PM,08:12 AM,05:43 PM,10,14,14,14,13,22,75,0.0,1026,16,10,89,10,lorient
2021-11-11,15,12,0.0,8.7,4,44,03:00 PM,No moonset,08:13 AM,05:41 PM,7,12,13,12,21,8,67,0.0,1025,15,10,85,17,lorient
2021-11-12,16,14,0.0,8.7,4,52,03:26 PM,12:21 AM,08:15 AM,05:40 PM,12,14,15,14,25,19,83,0.0,1019,16,10,240,19,lorient
2021-11-13,14,14,0.0,7.0,3,59,03:47 PM,01:36 AM,08:16 AM,05:39 PM,10,12,14,12,41,72,79,0.3,1018,14,10,311,30,lorient
2021-11-14,14,12,0.0,5.2,3,67,04:04 PM,02:47 AM,08:18 AM,05:38 PM,9,11,13,11,32,52,78,0.0,1023,14,10,99,24,lorient
2021-11-15,15,11,0.0,8.7,4,74,04:21 PM,03:56 AM,08:19 AM,05:37 PM,9,10,13,10,30,18,78,0.1,1025,15,10,34,23,lorient
2021-11-16,13,11,0.0,8.7,4,82,04:37 PM,05:03 AM,08:21 AM,05:36 PM,8,11,12,11,14,20,78,0.0,1024,13,10,139,11,lorient
2021-11-17,15,12,0.0,5.2,3,89,04:55 PM,06:10 AM,08:22 AM,05:35 PM,9,12,13,12,22,46,76,0.1,1026,15,10,301,17,lorient
2021-11-18,12,11,0.0,8.7,4,97,05:15 PM,07:17 AM,08:23 AM,05:33 PM,7,11,12,11,11,7,73,0.0,1031,12,10,103,8,lorient
2021-11-19,15,11,0.0,8.7,4,100,05:38 PM,08:24 AM,08:25 AM,05:32 PM,9,11,13,11,29,5,79,0.0,1031,15,10,81,24,lorient
2021-11-20,15,11,0.0,8.7,4,88,06:07 PM,09:31 AM,08:26 AM,05:32 PM,9,10,13,10,32,2,78,0.0,1025,15,10,89,25,lorient
2021-11-21,12,10,0.0,5.2,3,80,06:43 PM,10:34 AM,08:28 AM,05:31 PM,6,9,11,9,31,48,72,0.1,1018,12,10,52,25,lorient
2021-11-22,12,8,0.0,6.9,2,73,07:28 PM,11:32 AM,08:29 AM,05:30 PM,4,5,9,5,53,41,70,0.2,1024,12,10,27,43,lorient
2021-11-23,14,7,0.0,8.7,4,65,08:21 PM,12:23 PM,08:31 AM,05:29 PM,3,5,10,5,58,0,64,0.0,1027,14,10,57,50,lorient
2021-11-24,12,9,0.0,8.7,4,58,09:23 PM,01:05 PM,08:32 AM,05:28 PM,5,7,10,7,39,9,71,0.0,1020,12,10,42,33,lorient
2021-11-25,11,9,0.0,3.4,2,50,10:29 PM,01:39 PM,08:33 AM,05:27 PM,5,5,10,5,48,69,72,0.2,1013,11,10,32,39,lorient
2021-11-26,12,8,0.0,6.9,2,43,11:40 PM,02:07 PM,08:35 AM,05:27 PM,4,6,10,6,49,71,69,1.0,1009,12,10,228,37,lorient
2021-11-27,10,8,0.0,3.3,2,35,No moonrise,02:30 PM,08:36 AM,05:26 PM,4,4,9,4,74,94,73,5.1,994,10,9,319,56,lorient
2021-11-28,10,9,0.0,3.3,2,28,12:52 AM,02:50 PM,08:37 AM,05:25 PM,5,5,9,5,62,93,73,7.0,1006,10,10,340,48,lorient
2021-11-29,10,8,0.0,5.1,2,20,02:05 AM,03:09 PM,08:39 AM,05:25 PM,3,7,9,7,26,67,67,0.2,1016,10,10,214,20,lorient
2021-11-30,13,9,0.0,6.9,3,12,03:22 AM,03:28 PM,08:40 AM,05:24 PM,6,9,11,9,23,48,73,0.0,1023,13,10,233,17,lorient
2021-12-01,12,11,0.0,5.1,3,12,04:40 AM,03:49 PM,08:41 AM,05:24 PM,8,8,12,8,58,67,79,2.3,1010,12,10,291,43,lorient
2021-12-02,10,8,0.0,5.1,2,5,06:04 AM,04:13 PM,08:42 AM,05:23 PM,2,5,9,5,47,50,63,0.2,1013,10,10,343,36,lorient
2021-12-03,13,8,0.0,3.3,3,0,07:31 AM,04:44 PM,08:44 AM,05:23 PM,8,8,12,8,53,87,81,4.4,1013,13,9,266,37,lorient
2021-12-04,12,10,0.0,3.3,3,0,08:58 AM,05:25 PM,08:45 AM,05:23 PM,7,7,11,7,64,92,75,2.4,1010,12,10,303,47,lorient
2021-12-05,11,10,0.0,8.7,3,2,10:19 AM,06:18 PM,08:46 AM,05:22 PM,3,6,10,6,64,31,64,0.5,1015,11,10,324,50,lorient
2021-12-06,12,10,0.0,5.1,3,10,11:29 AM,07:26 PM,08:47 AM,05:22 PM,6,8,11,8,47,63,70,1.6,1016,12,9,285,37,lorient
2021-12-07,12,9,0.0,3.3,3,17,12:21 PM,08:43 PM,08:48 AM,05:22 PM,6,7,11,7,52,88,75,4.0,1008,12,10,233,40,lorient
2021-12-08,10,6,0.0,5.1,2,24,01:00 PM,10:03 PM,08:49 AM,05:22 PM,3,3,8,3,51,80,70,3.7,1000,10,10,279,39,lorient
2021-12-09,11,10,0.0,3.3,3,31,01:30 PM,11:22 PM,08:50 AM,05:21 PM,5,7,10,7,38,90,70,1.0,1006,11,10,277,28,lorient
2021-12-10,11,10,0.0,8.7,3,39,01:52 PM,No moonset,08:51 AM,05:21 PM,4,6,10,6,67,63,67,0.6,1010,11,10,314,51,lorient
2021-12-11,13,10,0.0,3.3,3,46,02:11 PM,12:35 AM,08:52 AM,05:21 PM,9,9,12,9,31,79,82,0.2,1021,13,10,268,21,lorient
2021-12-12,14,13,0.0,5.1,3,53,02:28 PM,01:47 AM,08:53 AM,05:21 PM,10,12,13,12,30,65,78,0.0,1025,14,10,237,19,lorient
2021-12-13,13,12,0.0,8.7,4,61,02:44 PM,02:54 AM,08:54 AM,05:22 PM,10,10,12,10,29,17,86,0.0,1023,13,10,150,22,lorient
2021-12-14,14,12,0.0,8.7,4,68,03:02 PM,04:01 AM,08:55 AM,05:22 PM,9,12,12,12,14,6,82,0.0,1027,14,10,87,10,lorient
2021-12-15,13,11,0.0,8.7,4,75,03:21 PM,05:08 AM,08:56 AM,05:22 PM,9,9,12,9,27,20,86,0.0,1031,13,10,73,19,lorient
2021-12-16,13,10,0.0,8.7,4,82,03:43 PM,06:14 AM,08:56 AM,05:22 PM,8,8,11,8,42,7,82,0.0,1033,13,10,75,33,lorient
2021-12-17,14,10,0.0,8.7,4,90,04:09 PM,07:21 AM,08:57 AM,05:22 PM,8,8,11,8,47,0,79,0.0,1033,14,10,69,39,lorient
2021-12-18,13,8,0.0,8.7,4,97,04:42 PM,08:25 AM,08:58 AM,05:23 PM,6,6,10,6,46,4,77,0.0,1031,13,10,83,38,lorient
2021-12-19,13,8,0.0,8.7,4,100,05:25 PM,09:26 AM,08:58 AM,05:23 PM,6,6,10,6,44,0,78,0.0,1028,13,10,83,37,lorient
2021-12-20,10,7,0.0,8.7,3,89,06:15 PM,10:19 AM,08:59 AM,05:24 PM,5,4,8,4,46,8,80,0.0,1024,10,10,85,37,lorient
2021-12-21,9,6,0.0,6.8,2,81,07:15 PM,11:05 AM,09:00 AM,05:24 PM,3,3,7,3,40,33,73,0.0,1023,9,10,88,33,lorient
2021-12-22,11,8,0.0,8.3,3,74,08:20 PM,11:41 AM,09:00 AM,05:25 PM,5,6,9,6,36,13,74,0.0,1017,11,10,127,29,lorient
2021-12-23,13,11,0.0,5.0,3,67,09:30 PM,12:10 PM,09:00 AM,05:25 PM,11,10,12,10,33,58,92,0.1,1013,13,10,186,22,lorient
2021-12-24,13,11,0.0,2.1,3,59,10:40 PM,12:34 PM,09:01 AM,05:26 PM,10,10,12,10,45,75,89,0.8,1006,13,10,197,28,lorient
2021-12-25,12,11,0.0,2.1,3,52,11:51 PM,12:55 PM,09:01 AM,05:26 PM,10,9,11,9,41,87,90,2.9,999,12,9,151,27,lorient
2021-12-26,12,12,0.0,3.9,3,45,No moonrise,01:14 PM,09:02 AM,05:27 PM,10,9,12,9,33,57,90,0.5,1003,12,10,246,21,lorient
2021-12-27,13,11,0.0,2.1,3,38,01:03 AM,01:32 PM,09:02 AM,05:28 PM,10,9,12,9,61,79,90,4.3,993,13,10,220,40,lorient
2021-12-28,12,11,0.0,2.1,3,30,02:18 AM,01:51 PM,09:02 AM,05:29 PM,10,9,12,9,61,87,89,1.7,1004,12,8,262,39,lorient
2021-12-29,14,13,0.0,2.1,3,23,03:36 AM,02:12 PM,09:02 AM,05:29 PM,12,10,13,10,82,90,93,0.7,1013,14,9,246,49,lorient
2021-12-30,13,12,0.0,5.8,3,16,04:58 AM,02:38 PM,09:02 AM,05:30 PM,11,11,13,11,50,44,91,0.2,1021,13,10,209,27,lorient
2021-12-31,14,12,0.0,5.8,4,12,06:23 AM,03:13 PM,09:02 AM,05:31 PM,11,11,13,11,42,17,90,0.0,1022,14,10,178,22,lorient